
/home/runner/work/exp-iim-bilinear-transformation-iitkgp/exp-iim-bilinear-transformation-iitkgp/experiment/simulation/js/DS.js
     4:10   warning  'inputChange' is defined but never used             no-unused-vars
    15:10   warning  'refresh' is defined but never used                 no-unused-vars
    35:10   warning  'impName' is defined but never used                 no-unused-vars
    41:10   warning  'biName' is defined but never used                  no-unused-vars
    47:10   warning  'RunM' is defined but never used                    no-unused-vars
    61:10   warning  'system' is defined but never used                  no-unused-vars
    72:1    warning  Mixed spaces and tabs                               no-mixed-spaces-and-tabs
    73:2    warning  Mixed spaces and tabs                               no-mixed-spaces-and-tabs
    82:1    warning  Mixed spaces and tabs                               no-mixed-spaces-and-tabs
    82:14   warning  'T' is assigned a value but never used              no-unused-vars
    85:1    warning  Mixed spaces and tabs                               no-mixed-spaces-and-tabs
    86:1    warning  Mixed spaces and tabs                               no-mixed-spaces-and-tabs
    87:1    warning  Mixed spaces and tabs                               no-mixed-spaces-and-tabs
    88:1    warning  Mixed spaces and tabs                               no-mixed-spaces-and-tabs
    89:1    warning  Mixed spaces and tabs                               no-mixed-spaces-and-tabs
    91:4    warning  'outputText1' is assigned a value but never used    no-unused-vars
    92:1    warning  Mixed spaces and tabs                               no-mixed-spaces-and-tabs
    92:10   warning  'outputText2' is assigned a value but never used    no-unused-vars
    95:2    warning  Mixed spaces and tabs                               no-mixed-spaces-and-tabs
    96:13   warning  'math' is not defined                               no-undef
    96:27   warning  'math' is not defined                               no-undef
    96:42   warning  'math' is not defined                               no-undef
    99:14   warning  'math' is not defined                               no-undef
   100:13   warning  'math' is not defined                               no-undef
   101:12   warning  'math' is not defined                               no-undef
   102:4    warning  'R11' is not defined                                no-undef
   102:8    warning  'math' is not defined                               no-undef
   104:9    warning  'math' is not defined                               no-undef
   104:22   warning  'math' is not defined                               no-undef
   104:34   warning  'math' is not defined                               no-undef
   104:45   warning  'math' is not defined                               no-undef
   104:59   warning  'R11' is not defined                                no-undef
   104:79   warning  'math' is not defined                               no-undef
   104:91   warning  'math' is not defined                               no-undef
   104:102  warning  'math' is not defined                               no-undef
   104:116  warning  'R11' is not defined                                no-undef
   110:13   warning  'math' is not defined                               no-undef
   112:7    warning  'math' is not defined                               no-undef
   121:11   warning  'math' is not defined                               no-undef
   121:28   warning  'math' is not defined                               no-undef
   121:45   warning  'math' is not defined                               no-undef
   122:11   warning  'math' is not defined                               no-undef
   122:28   warning  'math' is not defined                               no-undef
   122:45   warning  'math' is not defined                               no-undef
   126:12   warning  'math' is not defined                               no-undef
   126:24   warning  'math' is not defined                               no-undef
   126:35   warning  'math' is not defined                               no-undef
   126:49   warning  'math' is not defined                               no-undef
   126:61   warning  'math' is not defined                               no-undef
   126:70   warning  'math' is not defined                               no-undef
   126:95   warning  'math' is not defined                               no-undef
   127:12   warning  'math' is not defined                               no-undef
   127:24   warning  'math' is not defined                               no-undef
   127:35   warning  'math' is not defined                               no-undef
   127:49   warning  'math' is not defined                               no-undef
   127:61   warning  'math' is not defined                               no-undef
   127:70   warning  'math' is not defined                               no-undef
   127:95   warning  'math' is not defined                               no-undef
   135:1    warning  Mixed spaces and tabs                               no-mixed-spaces-and-tabs
   136:1    warning  Mixed spaces and tabs                               no-mixed-spaces-and-tabs
   139:1    warning  Mixed spaces and tabs                               no-mixed-spaces-and-tabs
   140:1    warning  Mixed spaces and tabs                               no-mixed-spaces-and-tabs
   143:1    warning  Mixed spaces and tabs                               no-mixed-spaces-and-tabs
   144:1    warning  Mixed spaces and tabs                               no-mixed-spaces-and-tabs
   146:1    warning  Mixed spaces and tabs                               no-mixed-spaces-and-tabs
   147:1    warning  Mixed spaces and tabs                               no-mixed-spaces-and-tabs
   148:1    warning  Mixed spaces and tabs                               no-mixed-spaces-and-tabs
   151:1    warning  Mixed spaces and tabs                               no-mixed-spaces-and-tabs
   154:1    warning  Mixed spaces and tabs                               no-mixed-spaces-and-tabs
   159:1    warning  Mixed spaces and tabs                               no-mixed-spaces-and-tabs
   160:4    warning  'R11' is not defined                                no-undef
   160:8    warning  'math' is not defined                               no-undef
   161:1    warning  Mixed spaces and tabs                               no-mixed-spaces-and-tabs
   161:51   warning  'R11' is not defined                                no-undef
   164:4    warning  'R22' is not defined                                no-undef
   164:8    warning  'math' is not defined                               no-undef
   165:1    warning  Mixed spaces and tabs                               no-mixed-spaces-and-tabs
   165:51   warning  'R22' is not defined                                no-undef
   171:1    warning  Mixed spaces and tabs                               no-mixed-spaces-and-tabs
   184:8    warning  'part1' is already defined                          no-redeclare
   184:14   warning  'math' is not defined                               no-undef
   185:8    warning  'num1' is already defined                           no-redeclare
   185:13   warning  'math' is not defined                               no-undef
   186:8    warning  'num2' is already defined                           no-redeclare
   186:13   warning  'math' is not defined                               no-undef
   187:8    warning  'den' is already defined                            no-redeclare
   187:12   warning  'math' is not defined                               no-undef
   188:7    warning  'math' is not defined                               no-undef
   189:7    warning  'math' is not defined                               no-undef
   192:21   warning  'math' is not defined                               no-undef
   193:21   warning  'math' is not defined                               no-undef
   204:8    warning  'e0' is already defined                             no-redeclare
   204:11   warning  'math' is not defined                               no-undef
   204:23   warning  'math' is not defined                               no-undef
   205:8    warning  'e1' is already defined                             no-redeclare
   205:11   warning  'math' is not defined                               no-undef
   205:28   warning  'math' is not defined                               no-undef
   207:8    warning  'A1' is already defined                             no-redeclare
   207:11   warning  'math' is not defined                               no-undef
   207:23   warning  'math' is not defined                               no-undef
   208:8    warning  'A2' is already defined                             no-redeclare
   208:11   warning  'math' is not defined                               no-undef
   208:23   warning  'math' is not defined                               no-undef
   208:43   warning  'math' is not defined                               no-undef
   211:15   warning  'math' is not defined                               no-undef
   211:27   warning  'math' is not defined                               no-undef
   211:38   warning  'math' is not defined                               no-undef
   211:52   warning  'math' is not defined                               no-undef
   222:1    warning  Mixed spaces and tabs                               no-mixed-spaces-and-tabs
   223:1    warning  Mixed spaces and tabs                               no-mixed-spaces-and-tabs
   226:1    warning  Mixed spaces and tabs                               no-mixed-spaces-and-tabs
   227:1    warning  Mixed spaces and tabs                               no-mixed-spaces-and-tabs
   230:1    warning  Mixed spaces and tabs                               no-mixed-spaces-and-tabs
   231:1    warning  Mixed spaces and tabs                               no-mixed-spaces-and-tabs
   233:1    warning  Mixed spaces and tabs                               no-mixed-spaces-and-tabs
   234:1    warning  Mixed spaces and tabs                               no-mixed-spaces-and-tabs
   235:1    warning  Mixed spaces and tabs                               no-mixed-spaces-and-tabs
   238:1    warning  Mixed spaces and tabs                               no-mixed-spaces-and-tabs
   240:1    warning  Mixed spaces and tabs                               no-mixed-spaces-and-tabs
   244:1    warning  Mixed spaces and tabs                               no-mixed-spaces-and-tabs
   246:1    warning  Mixed spaces and tabs                               no-mixed-spaces-and-tabs
   255:8    warning  'e0' is already defined                             no-redeclare
   255:11   warning  'math' is not defined                               no-undef
   255:28   warning  'math' is not defined                               no-undef
   255:45   warning  'math' is not defined                               no-undef
   256:8    warning  'e1' is already defined                             no-redeclare
   256:11   warning  'math' is not defined                               no-undef
   256:28   warning  'math' is not defined                               no-undef
   256:45   warning  'math' is not defined                               no-undef
   258:8    warning  'A1' is already defined                             no-redeclare
   258:11   warning  'math' is not defined                               no-undef
   258:23   warning  'math' is not defined                               no-undef
   258:32   warning  'math' is not defined                               no-undef
   258:57   warning  'math' is not defined                               no-undef
   259:8    warning  'A2' is already defined                             no-redeclare
   259:11   warning  'math' is not defined                               no-undef
   259:23   warning  'math' is not defined                               no-undef
   259:32   warning  'math' is not defined                               no-undef
   259:57   warning  'math' is not defined                               no-undef
   266:8    warning  'b0a0' is already defined                           no-redeclare
   266:15   warning  'math' is not defined                               no-undef
   266:27   warning  'math' is not defined                               no-undef
   266:38   warning  'math' is not defined                               no-undef
   266:52   warning  'math' is not defined                               no-undef
   268:8    warning  'rp1' is already defined                            no-redeclare
   269:8    warning  'rp2' is already defined                            no-redeclare
   278:1    warning  Mixed spaces and tabs                               no-mixed-spaces-and-tabs
   279:1    warning  Mixed spaces and tabs                               no-mixed-spaces-and-tabs
   282:1    warning  Mixed spaces and tabs                               no-mixed-spaces-and-tabs
   283:1    warning  Mixed spaces and tabs                               no-mixed-spaces-and-tabs
   286:1    warning  Mixed spaces and tabs                               no-mixed-spaces-and-tabs
   287:1    warning  Mixed spaces and tabs                               no-mixed-spaces-and-tabs
   289:1    warning  Mixed spaces and tabs                               no-mixed-spaces-and-tabs
   290:1    warning  Mixed spaces and tabs                               no-mixed-spaces-and-tabs
   291:1    warning  Mixed spaces and tabs                               no-mixed-spaces-and-tabs
   294:1    warning  Mixed spaces and tabs                               no-mixed-spaces-and-tabs
   296:1    warning  Mixed spaces and tabs                               no-mixed-spaces-and-tabs
   300:1    warning  Mixed spaces and tabs                               no-mixed-spaces-and-tabs
   302:1    warning  Mixed spaces and tabs                               no-mixed-spaces-and-tabs
   309:1    warning  Mixed spaces and tabs                               no-mixed-spaces-and-tabs
   311:1    warning  Mixed spaces and tabs                               no-mixed-spaces-and-tabs
   315:4    warning  'outputText2_1' is assigned a value but never used  no-unused-vars
   316:4    warning  'outputText3' is assigned a value but never used    no-unused-vars
   335:1    warning  Mixed spaces and tabs                               no-mixed-spaces-and-tabs
   336:1    warning  Mixed spaces and tabs                               no-mixed-spaces-and-tabs
   337:1    warning  Mixed spaces and tabs                               no-mixed-spaces-and-tabs
   338:1    warning  Mixed spaces and tabs                               no-mixed-spaces-and-tabs
   339:1    warning  Mixed spaces and tabs                               no-mixed-spaces-and-tabs
   340:1    warning  Mixed spaces and tabs                               no-mixed-spaces-and-tabs
   341:1    warning  Mixed spaces and tabs                               no-mixed-spaces-and-tabs
   342:1    warning  Mixed spaces and tabs                               no-mixed-spaces-and-tabs
   343:1    warning  Mixed spaces and tabs                               no-mixed-spaces-and-tabs
   344:1    warning  Mixed spaces and tabs                               no-mixed-spaces-and-tabs
   345:1    warning  Mixed spaces and tabs                               no-mixed-spaces-and-tabs
   346:1    warning  Mixed spaces and tabs                               no-mixed-spaces-and-tabs
   352:1    warning  Mixed spaces and tabs                               no-mixed-spaces-and-tabs
   354:11   warning  Mixed spaces and tabs                               no-mixed-spaces-and-tabs
   355:1    warning  Mixed spaces and tabs                               no-mixed-spaces-and-tabs
   355:19   warning  'math' is not defined                               no-undef
   355:33   warning  'math' is not defined                               no-undef
   355:48   warning  'math' is not defined                               no-undef
   359:14   warning  'math' is not defined                               no-undef
   360:13   warning  'math' is not defined                               no-undef
   361:12   warning  'math' is not defined                               no-undef
   362:4    warning  'R11' is not defined                                no-undef
   362:8    warning  'math' is not defined                               no-undef
   364:4    warning  'R1' is not defined                                 no-undef
   364:9    warning  'math' is not defined                               no-undef
   364:22   warning  'math' is not defined                               no-undef
   364:34   warning  'math' is not defined                               no-undef
   364:45   warning  'math' is not defined                               no-undef
   364:59   warning  'R11' is not defined                                no-undef
   364:79   warning  'math' is not defined                               no-undef
   364:91   warning  'math' is not defined                               no-undef
   364:102  warning  'math' is not defined                               no-undef
   364:116  warning  'R11' is not defined                                no-undef
   366:16   warning  'R1' is not defined                                 no-undef
   367:16   warning  'R1' is not defined                                 no-undef
   368:16   warning  'R1' is not defined                                 no-undef
   370:13   warning  'math' is not defined                               no-undef
   372:4    warning  'R2' is not defined                                 no-undef
   372:7    warning  'math' is not defined                               no-undef
   372:20   warning  'R1' is not defined                                 no-undef
   372:27   warning  'R1' is not defined                                 no-undef
   374:16   warning  'R2' is not defined                                 no-undef
   376:11   warning  'math' is not defined                               no-undef
   376:28   warning  'math' is not defined                               no-undef
   376:45   warning  'math' is not defined                               no-undef
   377:11   warning  'math' is not defined                               no-undef
   377:28   warning  'math' is not defined                               no-undef
   377:45   warning  'math' is not defined                               no-undef
   378:11   warning  'math' is not defined                               no-undef
   378:23   warning  'math' is not defined                               no-undef
   378:32   warning  'math' is not defined                               no-undef
   378:49   warning  'R1' is not defined                                 no-undef
   378:57   warning  'math' is not defined                               no-undef
   378:71   warning  'R1' is not defined                                 no-undef
   378:74   warning  'R2' is not defined                                 no-undef
   379:11   warning  'math' is not defined                               no-undef
   379:23   warning  'math' is not defined                               no-undef
   379:32   warning  'math' is not defined                               no-undef
   379:49   warning  'R2' is not defined                                 no-undef
   379:57   warning  'math' is not defined                               no-undef
   379:71   warning  'R2' is not defined                                 no-undef
   379:74   warning  'R1' is not defined                                 no-undef
   381:10   warning  'math' is not defined                               no-undef
   381:22   warning  'math' is not defined                               no-undef
   381:33   warning  'math' is not defined                               no-undef
   381:47   warning  'math' is not defined                               no-undef
   382:10   warning  'math' is not defined                               no-undef
   382:22   warning  'math' is not defined                               no-undef
   382:33   warning  'math' is not defined                               no-undef
   382:47   warning  'math' is not defined                               no-undef
   383:11   warning  'math' is not defined                               no-undef
   383:23   warning  'math' is not defined                               no-undef
   383:34   warning  'math' is not defined                               no-undef
   383:48   warning  'math' is not defined                               no-undef
   383:57   warning  'math' is not defined                               no-undef
   383:73   warning  'R1' is not defined                                 no-undef
   384:11   warning  'math' is not defined                               no-undef
   384:23   warning  'math' is not defined                               no-undef
   384:34   warning  'math' is not defined                               no-undef
   384:48   warning  'math' is not defined                               no-undef
   384:57   warning  'math' is not defined                               no-undef
   384:73   warning  'R2' is not defined                                 no-undef
   385:9    warning  'math' is not defined                               no-undef
   385:21   warning  'math' is not defined                               no-undef
   385:32   warning  'math' is not defined                               no-undef
   385:46   warning  'math' is not defined                               no-undef
   386:9    warning  'math' is not defined                               no-undef
   386:21   warning  'math' is not defined                               no-undef
   386:32   warning  'math' is not defined                               no-undef
   386:46   warning  'math' is not defined                               no-undef
   387:9    warning  'math' is not defined                               no-undef
   387:21   warning  'math' is not defined                               no-undef
   387:32   warning  'math' is not defined                               no-undef
   387:46   warning  'math' is not defined                               no-undef
   388:9    warning  'math' is not defined                               no-undef
   388:21   warning  'math' is not defined                               no-undef
   388:32   warning  'math' is not defined                               no-undef
   388:46   warning  'math' is not defined                               no-undef
   388:55   warning  'math' is not defined                               no-undef
   388:79   warning  'math' is not defined                               no-undef
   392:1    warning  Mixed spaces and tabs                               no-mixed-spaces-and-tabs
   396:1    warning  Mixed spaces and tabs                               no-mixed-spaces-and-tabs
   416:1    warning  Mixed spaces and tabs                               no-mixed-spaces-and-tabs
   418:1    warning  Mixed spaces and tabs                               no-mixed-spaces-and-tabs
   429:8    warning  'part1' is already defined                          no-redeclare
   429:14   warning  'math' is not defined                               no-undef
   430:8    warning  'num1' is already defined                           no-redeclare
   430:13   warning  'math' is not defined                               no-undef
   431:8    warning  'num2' is already defined                           no-redeclare
   431:13   warning  'math' is not defined                               no-undef
   432:8    warning  'den' is already defined                            no-redeclare
   432:12   warning  'math' is not defined                               no-undef
   433:4    warning  'R1' is not defined                                 no-undef
   433:7    warning  'math' is not defined                               no-undef
   434:4    warning  'R2' is not defined                                 no-undef
   434:7    warning  'math' is not defined                               no-undef
   436:8    warning  'R1' is not defined                                 no-undef
   436:12   warning  'R2' is not defined                                 no-undef
   438:12   warning  'R1' is not defined                                 no-undef
   440:8    warning  'e0' is already defined                             no-redeclare
   440:11   warning  'math' is not defined                               no-undef
   440:23   warning  'math' is not defined                               no-undef
   441:8    warning  'e1' is already defined                             no-redeclare
   441:11   warning  'math' is not defined                               no-undef
   441:28   warning  'math' is not defined                               no-undef
   443:8    warning  'A1' is already defined                             no-redeclare
   443:11   warning  'math' is not defined                               no-undef
   443:23   warning  'math' is not defined                               no-undef
   444:8    warning  'A2' is already defined                             no-redeclare
   444:11   warning  'math' is not defined                               no-undef
   444:23   warning  'math' is not defined                               no-undef
   444:43   warning  'math' is not defined                               no-undef
   446:15   warning  'math' is not defined                               no-undef
   446:27   warning  'math' is not defined                               no-undef
   446:38   warning  'math' is not defined                               no-undef
   446:52   warning  'math' is not defined                               no-undef
   448:16   warning  'math' is not defined                               no-undef
   448:28   warning  'math' is not defined                               no-undef
   448:39   warning  'math' is not defined                               no-undef
   448:53   warning  'math' is not defined                               no-undef
   451:8    warning  'TA1' is already defined                            no-redeclare
   451:12   warning  'math' is not defined                               no-undef
   451:24   warning  'math' is not defined                               no-undef
   451:35   warning  'math' is not defined                               no-undef
   451:49   warning  'math' is not defined                               no-undef
   452:8    warning  'TA2' is already defined                            no-redeclare
   452:12   warning  'math' is not defined                               no-undef
   452:24   warning  'math' is not defined                               no-undef
   452:35   warning  'math' is not defined                               no-undef
   452:49   warning  'math' is not defined                               no-undef
   453:8    warning  'eTp1' is already defined                           no-redeclare
   453:13   warning  'math' is not defined                               no-undef
   453:25   warning  'math' is not defined                               no-undef
   453:36   warning  'math' is not defined                               no-undef
   453:50   warning  'math' is not defined                               no-undef
   453:59   warning  'math' is not defined                               no-undef
   453:75   warning  'R1' is not defined                                 no-undef
   454:8    warning  'eTp2' is already defined                           no-redeclare
   454:13   warning  'math' is not defined                               no-undef
   454:25   warning  'math' is not defined                               no-undef
   454:36   warning  'math' is not defined                               no-undef
   454:50   warning  'math' is not defined                               no-undef
   454:59   warning  'math' is not defined                               no-undef
   454:75   warning  'R2' is not defined                                 no-undef
   456:8    warning  'c1' is already defined                             no-redeclare
   456:11   warning  'math' is not defined                               no-undef
   456:23   warning  'math' is not defined                               no-undef
   456:34   warning  'math' is not defined                               no-undef
   456:48   warning  'math' is not defined                               no-undef
   457:8    warning  'c2' is already defined                             no-redeclare
   457:11   warning  'math' is not defined                               no-undef
   457:23   warning  'math' is not defined                               no-undef
   457:34   warning  'math' is not defined                               no-undef
   457:48   warning  'math' is not defined                               no-undef
   459:8    warning  'd0' is already defined                             no-redeclare
   459:11   warning  'math' is not defined                               no-undef
   459:23   warning  'math' is not defined                               no-undef
   459:34   warning  'math' is not defined                               no-undef
   459:48   warning  'math' is not defined                               no-undef
   460:8    warning  'd1' is already defined                             no-redeclare
   460:11   warning  'math' is not defined                               no-undef
   460:23   warning  'math' is not defined                               no-undef
   460:34   warning  'math' is not defined                               no-undef
   460:48   warning  'math' is not defined                               no-undef
   460:57   warning  'math' is not defined                               no-undef
   460:86   warning  'math' is not defined                               no-undef
   460:110  warning  'math' is not defined                               no-undef
   465:8    warning  'd2' is already defined                             no-redeclare
   468:1    warning  Mixed spaces and tabs                               no-mixed-spaces-and-tabs
   475:1    warning  Mixed spaces and tabs                               no-mixed-spaces-and-tabs
   495:1    warning  Mixed spaces and tabs                               no-mixed-spaces-and-tabs
   497:1    warning  Mixed spaces and tabs                               no-mixed-spaces-and-tabs
   504:8    warning  'e0' is already defined                             no-redeclare
   504:11   warning  'math' is not defined                               no-undef
   504:28   warning  'math' is not defined                               no-undef
   504:45   warning  'math' is not defined                               no-undef
   505:8    warning  'e1' is already defined                             no-redeclare
   505:11   warning  'math' is not defined                               no-undef
   505:28   warning  'math' is not defined                               no-undef
   505:45   warning  'math' is not defined                               no-undef
   506:8    warning  'A1' is already defined                             no-redeclare
   506:11   warning  'math' is not defined                               no-undef
   506:23   warning  'math' is not defined                               no-undef
   506:32   warning  'math' is not defined                               no-undef
   506:49   warning  'R1' is not defined                                 no-undef
   506:57   warning  'math' is not defined                               no-undef
   506:71   warning  'R1' is not defined                                 no-undef
   506:74   warning  'R2' is not defined                                 no-undef
   507:8    warning  'A2' is already defined                             no-redeclare
   507:11   warning  'math' is not defined                               no-undef
   507:23   warning  'math' is not defined                               no-undef
   507:32   warning  'math' is not defined                               no-undef
   507:49   warning  'R2' is not defined                                 no-undef
   507:57   warning  'math' is not defined                               no-undef
   507:71   warning  'R2' is not defined                                 no-undef
   507:74   warning  'R1' is not defined                                 no-undef
   509:8    warning  'TA1' is already defined                            no-redeclare
   509:12   warning  'math' is not defined                               no-undef
   509:24   warning  'math' is not defined                               no-undef
   509:35   warning  'math' is not defined                               no-undef
   509:49   warning  'math' is not defined                               no-undef
   510:8    warning  'TA2' is already defined                            no-redeclare
   510:12   warning  'math' is not defined                               no-undef
   510:24   warning  'math' is not defined                               no-undef
   510:35   warning  'math' is not defined                               no-undef
   510:49   warning  'math' is not defined                               no-undef
   511:8    warning  'eTp1' is already defined                           no-redeclare
   511:13   warning  'math' is not defined                               no-undef
   511:25   warning  'math' is not defined                               no-undef
   511:36   warning  'math' is not defined                               no-undef
   511:50   warning  'math' is not defined                               no-undef
   511:59   warning  'math' is not defined                               no-undef
   511:75   warning  'R1' is not defined                                 no-undef
   512:8    warning  'eTp2' is already defined                           no-redeclare
   512:13   warning  'math' is not defined                               no-undef
   512:25   warning  'math' is not defined                               no-undef
   512:36   warning  'math' is not defined                               no-undef
   512:50   warning  'math' is not defined                               no-undef
   512:59   warning  'math' is not defined                               no-undef
   512:75   warning  'R2' is not defined                                 no-undef
   513:8    warning  'c1' is already defined                             no-redeclare
   513:11   warning  'math' is not defined                               no-undef
   513:23   warning  'math' is not defined                               no-undef
   513:34   warning  'math' is not defined                               no-undef
   513:48   warning  'math' is not defined                               no-undef
   514:8    warning  'c2' is already defined                             no-redeclare
   514:11   warning  'math' is not defined                               no-undef
   514:23   warning  'math' is not defined                               no-undef
   514:34   warning  'math' is not defined                               no-undef
   514:48   warning  'math' is not defined                               no-undef
   515:8    warning  'd0' is already defined                             no-redeclare
   515:11   warning  'math' is not defined                               no-undef
   515:23   warning  'math' is not defined                               no-undef
   515:34   warning  'math' is not defined                               no-undef
   515:48   warning  'math' is not defined                               no-undef
   516:8    warning  'd1' is already defined                             no-redeclare
   516:11   warning  'math' is not defined                               no-undef
   516:23   warning  'math' is not defined                               no-undef
   516:34   warning  'math' is not defined                               no-undef
   516:48   warning  'math' is not defined                               no-undef
   516:57   warning  'math' is not defined                               no-undef
   516:81   warning  'math' is not defined                               no-undef
   517:8    warning  'd2' is already defined                             no-redeclare
   520:1    warning  Mixed spaces and tabs                               no-mixed-spaces-and-tabs
   524:1    warning  Mixed spaces and tabs                               no-mixed-spaces-and-tabs
   544:1    warning  Mixed spaces and tabs                               no-mixed-spaces-and-tabs
   546:1    warning  Mixed spaces and tabs                               no-mixed-spaces-and-tabs
   561:1    warning  Mixed spaces and tabs                               no-mixed-spaces-and-tabs
   562:1    warning  Mixed spaces and tabs                               no-mixed-spaces-and-tabs
   563:1    warning  Mixed spaces and tabs                               no-mixed-spaces-and-tabs
   564:1    warning  Mixed spaces and tabs                               no-mixed-spaces-and-tabs
   565:1    warning  Mixed spaces and tabs                               no-mixed-spaces-and-tabs
   566:1    warning  Mixed spaces and tabs                               no-mixed-spaces-and-tabs
   567:1    warning  Mixed spaces and tabs                               no-mixed-spaces-and-tabs
   568:1    warning  Mixed spaces and tabs                               no-mixed-spaces-and-tabs
   569:1    warning  Mixed spaces and tabs                               no-mixed-spaces-and-tabs
   570:1    warning  Mixed spaces and tabs                               no-mixed-spaces-and-tabs
   571:1    warning  Mixed spaces and tabs                               no-mixed-spaces-and-tabs
   572:1    warning  Mixed spaces and tabs                               no-mixed-spaces-and-tabs
   572:14   warning  'b0' is already defined                             no-redeclare
   573:8    warning  'b1' is already defined                             no-redeclare
   574:8    warning  'b2' is already defined                             no-redeclare
   575:17   warning  'a0' is already defined                             no-redeclare
   576:8    warning  'a1' is already defined                             no-redeclare
   577:8    warning  'a2' is already defined                             no-redeclare
   578:1    warning  Mixed spaces and tabs                               no-mixed-spaces-and-tabs
   578:14   warning  'T' is already defined                              no-redeclare
   580:11   warning  Mixed spaces and tabs                               no-mixed-spaces-and-tabs
   581:1    warning  Mixed spaces and tabs                               no-mixed-spaces-and-tabs
   581:14   warning  'part' is already defined                           no-redeclare
   581:19   warning  'math' is not defined                               no-undef
   581:33   warning  'math' is not defined                               no-undef
   581:48   warning  'math' is not defined                               no-undef
   585:8    warning  'part1' is already defined                          no-redeclare
   585:14   warning  'math' is not defined                               no-undef
   586:8    warning  'num1' is already defined                           no-redeclare
   586:13   warning  'math' is not defined                               no-undef
   587:8    warning  'den' is already defined                            no-redeclare
   587:12   warning  'math' is not defined                               no-undef
   588:4    warning  'R11' is not defined                                no-undef
   588:8    warning  'math' is not defined                               no-undef
   590:4    warning  'R1' is not defined                                 no-undef
   590:9    warning  'math' is not defined                               no-undef
   590:22   warning  'math' is not defined                               no-undef
   590:34   warning  'math' is not defined                               no-undef
   590:45   warning  'math' is not defined                               no-undef
   590:59   warning  'R11' is not defined                                no-undef
   590:79   warning  'math' is not defined                               no-undef
   590:91   warning  'math' is not defined                               no-undef
   590:102  warning  'math' is not defined                               no-undef
   590:116  warning  'R11' is not defined                                no-undef
   592:16   warning  'R1' is not defined                                 no-undef
   593:16   warning  'R1' is not defined                                 no-undef
   594:16   warning  'R1' is not defined                                 no-undef
   596:8    warning  'num2' is already defined                           no-redeclare
   596:13   warning  'math' is not defined                               no-undef
   598:4    warning  'R2' is not defined                                 no-undef
   598:7    warning  'math' is not defined                               no-undef
   598:20   warning  'R1' is not defined                                 no-undef
   598:27   warning  'R1' is not defined                                 no-undef
   600:16   warning  'R2' is not defined                                 no-undef
   602:8    warning  'e0' is already defined                             no-redeclare
   602:11   warning  'math' is not defined                               no-undef
   602:28   warning  'math' is not defined                               no-undef
   602:45   warning  'math' is not defined                               no-undef
   603:8    warning  'e1' is already defined                             no-redeclare
   603:11   warning  'math' is not defined                               no-undef
   603:28   warning  'math' is not defined                               no-undef
   603:45   warning  'math' is not defined                               no-undef
   604:8    warning  'A1' is already defined                             no-redeclare
   604:11   warning  'math' is not defined                               no-undef
   604:23   warning  'math' is not defined                               no-undef
   604:32   warning  'math' is not defined                               no-undef
   604:49   warning  'R1' is not defined                                 no-undef
   604:57   warning  'math' is not defined                               no-undef
   604:71   warning  'R1' is not defined                                 no-undef
   604:74   warning  'R2' is not defined                                 no-undef
   605:8    warning  'A2' is already defined                             no-redeclare
   605:11   warning  'math' is not defined                               no-undef
   605:23   warning  'math' is not defined                               no-undef
   605:32   warning  'math' is not defined                               no-undef
   605:49   warning  'R2' is not defined                                 no-undef
   605:57   warning  'math' is not defined                               no-undef
   605:71   warning  'R2' is not defined                                 no-undef
   605:74   warning  'R1' is not defined                                 no-undef
   607:6    warning  'TA1' is already defined                            no-redeclare
   607:10   warning  'math' is not defined                               no-undef
   607:22   warning  'math' is not defined                               no-undef
   607:33   warning  'math' is not defined                               no-undef
   607:47   warning  'math' is not defined                               no-undef
   608:6    warning  'TA2' is already defined                            no-redeclare
   608:10   warning  'math' is not defined                               no-undef
   608:22   warning  'math' is not defined                               no-undef
   608:33   warning  'math' is not defined                               no-undef
   608:47   warning  'math' is not defined                               no-undef
   609:6    warning  'eTp1' is already defined                           no-redeclare
   609:11   warning  'math' is not defined                               no-undef
   609:23   warning  'math' is not defined                               no-undef
   609:34   warning  'math' is not defined                               no-undef
   609:48   warning  'math' is not defined                               no-undef
   609:57   warning  'math' is not defined                               no-undef
   609:73   warning  'R1' is not defined                                 no-undef
   610:6    warning  'eTp2' is already defined                           no-redeclare
   610:11   warning  'math' is not defined                               no-undef
   610:23   warning  'math' is not defined                               no-undef
   610:34   warning  'math' is not defined                               no-undef
   610:48   warning  'math' is not defined                               no-undef
   610:57   warning  'math' is not defined                               no-undef
   610:73   warning  'R2' is not defined                                 no-undef
   611:6    warning  'c1' is already defined                             no-redeclare
   611:9    warning  'math' is not defined                               no-undef
   611:21   warning  'math' is not defined                               no-undef
   611:32   warning  'math' is not defined                               no-undef
   611:46   warning  'math' is not defined                               no-undef
   612:6    warning  'c2' is already defined                             no-redeclare
   612:9    warning  'math' is not defined                               no-undef
   612:21   warning  'math' is not defined                               no-undef
   612:32   warning  'math' is not defined                               no-undef
   612:46   warning  'math' is not defined                               no-undef
   613:6    warning  'd0' is already defined                             no-redeclare
   613:9    warning  'math' is not defined                               no-undef
   613:21   warning  'math' is not defined                               no-undef
   613:32   warning  'math' is not defined                               no-undef
   613:46   warning  'math' is not defined                               no-undef
   614:6    warning  'd1' is already defined                             no-redeclare
   614:9    warning  'math' is not defined                               no-undef
   614:21   warning  'math' is not defined                               no-undef
   614:32   warning  'math' is not defined                               no-undef
   614:46   warning  'math' is not defined                               no-undef
   614:55   warning  'math' is not defined                               no-undef
   614:79   warning  'math' is not defined                               no-undef
   615:6    warning  'd2' is already defined                             no-redeclare
   618:1    warning  Mixed spaces and tabs                               no-mixed-spaces-and-tabs
   622:1    warning  Mixed spaces and tabs                               no-mixed-spaces-and-tabs
   642:1    warning  Mixed spaces and tabs                               no-mixed-spaces-and-tabs
   644:1    warning  Mixed spaces and tabs                               no-mixed-spaces-and-tabs
   655:8    warning  'part1' is already defined                          no-redeclare
   655:14   warning  'math' is not defined                               no-undef
   656:8    warning  'num1' is already defined                           no-redeclare
   656:13   warning  'math' is not defined                               no-undef
   657:8    warning  'num2' is already defined                           no-redeclare
   657:13   warning  'math' is not defined                               no-undef
   658:8    warning  'den' is already defined                            no-redeclare
   658:12   warning  'math' is not defined                               no-undef
   659:4    warning  'R1' is not defined                                 no-undef
   659:7    warning  'math' is not defined                               no-undef
   660:4    warning  'R2' is not defined                                 no-undef
   660:7    warning  'math' is not defined                               no-undef
   662:8    warning  'R1' is not defined                                 no-undef
   662:12   warning  'R2' is not defined                                 no-undef
   664:8    warning  'd' is already defined                              no-redeclare
   664:12   warning  'R1' is not defined                                 no-undef
   666:8    warning  'e0' is already defined                             no-redeclare
   666:11   warning  'math' is not defined                               no-undef
   666:23   warning  'math' is not defined                               no-undef
   667:8    warning  'e1' is already defined                             no-redeclare
   667:11   warning  'math' is not defined                               no-undef
   667:28   warning  'math' is not defined                               no-undef
   669:8    warning  'A1' is already defined                             no-redeclare
   669:11   warning  'math' is not defined                               no-undef
   669:23   warning  'math' is not defined                               no-undef
   670:8    warning  'A2' is already defined                             no-redeclare
   670:11   warning  'math' is not defined                               no-undef
   670:23   warning  'math' is not defined                               no-undef
   670:43   warning  'math' is not defined                               no-undef
   672:8    warning  'b0a0' is already defined                           no-redeclare
   672:15   warning  'math' is not defined                               no-undef
   672:27   warning  'math' is not defined                               no-undef
   672:38   warning  'math' is not defined                               no-undef
   672:52   warning  'math' is not defined                               no-undef
   674:8    warning  'Tb0a0' is already defined                          no-redeclare
   674:16   warning  'math' is not defined                               no-undef
   674:28   warning  'math' is not defined                               no-undef
   674:39   warning  'math' is not defined                               no-undef
   674:53   warning  'math' is not defined                               no-undef
   677:8    warning  'TA1' is already defined                            no-redeclare
   677:12   warning  'math' is not defined                               no-undef
   677:24   warning  'math' is not defined                               no-undef
   677:35   warning  'math' is not defined                               no-undef
   677:49   warning  'math' is not defined                               no-undef
   678:8    warning  'TA2' is already defined                            no-redeclare
   678:12   warning  'math' is not defined                               no-undef
   678:24   warning  'math' is not defined                               no-undef
   678:35   warning  'math' is not defined                               no-undef
   678:49   warning  'math' is not defined                               no-undef
   679:8    warning  'eTp1' is already defined                           no-redeclare
   679:13   warning  'math' is not defined                               no-undef
   679:25   warning  'math' is not defined                               no-undef
   679:36   warning  'math' is not defined                               no-undef
   679:50   warning  'math' is not defined                               no-undef
   679:59   warning  'math' is not defined                               no-undef
   679:75   warning  'R1' is not defined                                 no-undef
   680:8    warning  'eTp2' is already defined                           no-redeclare
   680:13   warning  'math' is not defined                               no-undef
   680:25   warning  'math' is not defined                               no-undef
   680:36   warning  'math' is not defined                               no-undef
   680:50   warning  'math' is not defined                               no-undef
   680:59   warning  'math' is not defined                               no-undef
   680:75   warning  'R2' is not defined                                 no-undef
   682:8    warning  'c1' is already defined                             no-redeclare
   682:11   warning  'math' is not defined                               no-undef
   682:23   warning  'math' is not defined                               no-undef
   682:34   warning  'math' is not defined                               no-undef
   682:48   warning  'math' is not defined                               no-undef
   683:8    warning  'c2' is already defined                             no-redeclare
   683:11   warning  'math' is not defined                               no-undef
   683:23   warning  'math' is not defined                               no-undef
   683:34   warning  'math' is not defined                               no-undef
   683:48   warning  'math' is not defined                               no-undef
   685:8    warning  'd0' is already defined                             no-redeclare
   685:11   warning  'math' is not defined                               no-undef
   685:23   warning  'math' is not defined                               no-undef
   685:34   warning  'math' is not defined                               no-undef
   685:48   warning  'math' is not defined                               no-undef
   686:8    warning  'd1' is already defined                             no-redeclare
   686:11   warning  'math' is not defined                               no-undef
   686:23   warning  'math' is not defined                               no-undef
   686:34   warning  'math' is not defined                               no-undef
   686:48   warning  'math' is not defined                               no-undef
   686:57   warning  'math' is not defined                               no-undef
   686:86   warning  'math' is not defined                               no-undef
   686:110  warning  'math' is not defined                               no-undef
   691:8    warning  'd2' is already defined                             no-redeclare
   694:1    warning  Mixed spaces and tabs                               no-mixed-spaces-and-tabs
   701:1    warning  Mixed spaces and tabs                               no-mixed-spaces-and-tabs
   721:1    warning  Mixed spaces and tabs                               no-mixed-spaces-and-tabs
   723:1    warning  Mixed spaces and tabs                               no-mixed-spaces-and-tabs
   730:8    warning  'e0' is already defined                             no-redeclare
   730:11   warning  'math' is not defined                               no-undef
   730:28   warning  'math' is not defined                               no-undef
   730:45   warning  'math' is not defined                               no-undef
   731:8    warning  'e1' is already defined                             no-redeclare
   731:11   warning  'math' is not defined                               no-undef
   731:28   warning  'math' is not defined                               no-undef
   731:45   warning  'math' is not defined                               no-undef
   732:8    warning  'A1' is already defined                             no-redeclare
   732:11   warning  'math' is not defined                               no-undef
   732:23   warning  'math' is not defined                               no-undef
   732:32   warning  'math' is not defined                               no-undef
   732:49   warning  'R1' is not defined                                 no-undef
   732:57   warning  'math' is not defined                               no-undef
   732:71   warning  'R1' is not defined                                 no-undef
   732:74   warning  'R2' is not defined                                 no-undef
   733:8    warning  'A2' is already defined                             no-redeclare
   733:11   warning  'math' is not defined                               no-undef
   733:23   warning  'math' is not defined                               no-undef
   733:32   warning  'math' is not defined                               no-undef
   733:49   warning  'R2' is not defined                                 no-undef
   733:57   warning  'math' is not defined                               no-undef
   733:71   warning  'R2' is not defined                                 no-undef
   733:74   warning  'R1' is not defined                                 no-undef
   735:8    warning  'TA1' is already defined                            no-redeclare
   735:12   warning  'math' is not defined                               no-undef
   735:24   warning  'math' is not defined                               no-undef
   735:35   warning  'math' is not defined                               no-undef
   735:49   warning  'math' is not defined                               no-undef
   736:8    warning  'TA2' is already defined                            no-redeclare
   736:12   warning  'math' is not defined                               no-undef
   736:24   warning  'math' is not defined                               no-undef
   736:35   warning  'math' is not defined                               no-undef
   736:49   warning  'math' is not defined                               no-undef
   737:8    warning  'eTp1' is already defined                           no-redeclare
   737:13   warning  'math' is not defined                               no-undef
   737:25   warning  'math' is not defined                               no-undef
   737:36   warning  'math' is not defined                               no-undef
   737:50   warning  'math' is not defined                               no-undef
   737:59   warning  'math' is not defined                               no-undef
   737:75   warning  'R1' is not defined                                 no-undef
   738:8    warning  'eTp2' is already defined                           no-redeclare
   738:13   warning  'math' is not defined                               no-undef
   738:25   warning  'math' is not defined                               no-undef
   738:36   warning  'math' is not defined                               no-undef
   738:50   warning  'math' is not defined                               no-undef
   738:59   warning  'math' is not defined                               no-undef
   738:75   warning  'R2' is not defined                                 no-undef
   739:8    warning  'c1' is already defined                             no-redeclare
   739:11   warning  'math' is not defined                               no-undef
   739:23   warning  'math' is not defined                               no-undef
   739:34   warning  'math' is not defined                               no-undef
   739:48   warning  'math' is not defined                               no-undef
   740:8    warning  'c2' is already defined                             no-redeclare
   740:11   warning  'math' is not defined                               no-undef
   740:23   warning  'math' is not defined                               no-undef
   740:34   warning  'math' is not defined                               no-undef
   740:48   warning  'math' is not defined                               no-undef
   741:8    warning  'd0' is already defined                             no-redeclare
   741:11   warning  'math' is not defined                               no-undef
   741:23   warning  'math' is not defined                               no-undef
   741:34   warning  'math' is not defined                               no-undef
   741:48   warning  'math' is not defined                               no-undef
   742:8    warning  'd1' is already defined                             no-redeclare
   742:11   warning  'math' is not defined                               no-undef
   742:23   warning  'math' is not defined                               no-undef
   742:34   warning  'math' is not defined                               no-undef
   742:48   warning  'math' is not defined                               no-undef
   742:57   warning  'math' is not defined                               no-undef
   742:81   warning  'math' is not defined                               no-undef
   743:8    warning  'd2' is already defined                             no-redeclare
   746:1    warning  Mixed spaces and tabs                               no-mixed-spaces-and-tabs
   750:1    warning  Mixed spaces and tabs                               no-mixed-spaces-and-tabs
   770:1    warning  Mixed spaces and tabs                               no-mixed-spaces-and-tabs
   772:1    warning  Mixed spaces and tabs                               no-mixed-spaces-and-tabs
   787:1    warning  Mixed spaces and tabs                               no-mixed-spaces-and-tabs
   788:1    warning  Mixed spaces and tabs                               no-mixed-spaces-and-tabs
   789:1    warning  Mixed spaces and tabs                               no-mixed-spaces-and-tabs
   790:1    warning  Mixed spaces and tabs                               no-mixed-spaces-and-tabs
   791:1    warning  Mixed spaces and tabs                               no-mixed-spaces-and-tabs
   792:1    warning  Mixed spaces and tabs                               no-mixed-spaces-and-tabs
   793:1    warning  Mixed spaces and tabs                               no-mixed-spaces-and-tabs
   794:1    warning  Mixed spaces and tabs                               no-mixed-spaces-and-tabs
   795:1    warning  Mixed spaces and tabs                               no-mixed-spaces-and-tabs
   796:1    warning  Mixed spaces and tabs                               no-mixed-spaces-and-tabs
   797:1    warning  Mixed spaces and tabs                               no-mixed-spaces-and-tabs
   798:1    warning  Mixed spaces and tabs                               no-mixed-spaces-and-tabs
   798:14   warning  'b0' is already defined                             no-redeclare
   799:8    warning  'b1' is already defined                             no-redeclare
   800:8    warning  'b2' is already defined                             no-redeclare
   801:17   warning  'a0' is already defined                             no-redeclare
   802:8    warning  'a1' is already defined                             no-redeclare
   803:8    warning  'a2' is already defined                             no-redeclare
   804:1    warning  Mixed spaces and tabs                               no-mixed-spaces-and-tabs
   804:14   warning  'T' is already defined                              no-redeclare
   806:11   warning  Mixed spaces and tabs                               no-mixed-spaces-and-tabs
   807:1    warning  Mixed spaces and tabs                               no-mixed-spaces-and-tabs
   807:14   warning  'part' is already defined                           no-redeclare
   807:19   warning  'math' is not defined                               no-undef
   807:33   warning  'math' is not defined                               no-undef
   807:48   warning  'math' is not defined                               no-undef
   811:8    warning  'part1' is already defined                          no-redeclare
   811:14   warning  'math' is not defined                               no-undef
   812:8    warning  'num1' is already defined                           no-redeclare
   812:13   warning  'math' is not defined                               no-undef
   813:8    warning  'den' is already defined                            no-redeclare
   813:12   warning  'math' is not defined                               no-undef
   814:4    warning  'R11' is not defined                                no-undef
   814:8    warning  'math' is not defined                               no-undef
   816:4    warning  'R1' is not defined                                 no-undef
   816:9    warning  'math' is not defined                               no-undef
   816:22   warning  'math' is not defined                               no-undef
   816:34   warning  'math' is not defined                               no-undef
   816:45   warning  'math' is not defined                               no-undef
   816:59   warning  'R11' is not defined                                no-undef
   816:79   warning  'math' is not defined                               no-undef
   816:91   warning  'math' is not defined                               no-undef
   816:102  warning  'math' is not defined                               no-undef
   816:116  warning  'R11' is not defined                                no-undef
   818:16   warning  'R1' is not defined                                 no-undef
   819:16   warning  'R1' is not defined                                 no-undef
   820:16   warning  'R1' is not defined                                 no-undef
   822:8    warning  'num2' is already defined                           no-redeclare
   822:13   warning  'math' is not defined                               no-undef
   824:4    warning  'R2' is not defined                                 no-undef
   824:7    warning  'math' is not defined                               no-undef
   824:20   warning  'R1' is not defined                                 no-undef
   824:27   warning  'R1' is not defined                                 no-undef
   826:16   warning  'R2' is not defined                                 no-undef
   828:8    warning  'e0' is already defined                             no-redeclare
   828:11   warning  'math' is not defined                               no-undef
   828:28   warning  'math' is not defined                               no-undef
   828:45   warning  'math' is not defined                               no-undef
   829:8    warning  'e1' is already defined                             no-redeclare
   829:11   warning  'math' is not defined                               no-undef
   829:28   warning  'math' is not defined                               no-undef
   829:45   warning  'math' is not defined                               no-undef
   830:8    warning  'A1' is already defined                             no-redeclare
   830:11   warning  'math' is not defined                               no-undef
   830:23   warning  'math' is not defined                               no-undef
   830:32   warning  'math' is not defined                               no-undef
   830:49   warning  'R1' is not defined                                 no-undef
   830:57   warning  'math' is not defined                               no-undef
   830:71   warning  'R1' is not defined                                 no-undef
   830:74   warning  'R2' is not defined                                 no-undef
   831:8    warning  'A2' is already defined                             no-redeclare
   831:11   warning  'math' is not defined                               no-undef
   831:23   warning  'math' is not defined                               no-undef
   831:32   warning  'math' is not defined                               no-undef
   831:49   warning  'R2' is not defined                                 no-undef
   831:57   warning  'math' is not defined                               no-undef
   831:71   warning  'R2' is not defined                                 no-undef
   831:74   warning  'R1' is not defined                                 no-undef
   833:6    warning  'TA1' is already defined                            no-redeclare
   833:10   warning  'math' is not defined                               no-undef
   833:22   warning  'math' is not defined                               no-undef
   833:33   warning  'math' is not defined                               no-undef
   833:47   warning  'math' is not defined                               no-undef
   834:6    warning  'TA2' is already defined                            no-redeclare
   834:10   warning  'math' is not defined                               no-undef
   834:22   warning  'math' is not defined                               no-undef
   834:33   warning  'math' is not defined                               no-undef
   834:47   warning  'math' is not defined                               no-undef
   835:6    warning  'eTp1' is already defined                           no-redeclare
   835:11   warning  'math' is not defined                               no-undef
   835:23   warning  'math' is not defined                               no-undef
   835:34   warning  'math' is not defined                               no-undef
   835:48   warning  'math' is not defined                               no-undef
   835:57   warning  'math' is not defined                               no-undef
   835:73   warning  'R1' is not defined                                 no-undef
   836:6    warning  'eTp2' is already defined                           no-redeclare
   836:11   warning  'math' is not defined                               no-undef
   836:23   warning  'math' is not defined                               no-undef
   836:34   warning  'math' is not defined                               no-undef
   836:48   warning  'math' is not defined                               no-undef
   836:57   warning  'math' is not defined                               no-undef
   836:73   warning  'R2' is not defined                                 no-undef
   837:6    warning  'c1' is already defined                             no-redeclare
   837:9    warning  'math' is not defined                               no-undef
   837:21   warning  'math' is not defined                               no-undef
   837:32   warning  'math' is not defined                               no-undef
   837:46   warning  'math' is not defined                               no-undef
   838:6    warning  'c2' is already defined                             no-redeclare
   838:9    warning  'math' is not defined                               no-undef
   838:21   warning  'math' is not defined                               no-undef
   838:32   warning  'math' is not defined                               no-undef
   838:46   warning  'math' is not defined                               no-undef
   839:6    warning  'd0' is already defined                             no-redeclare
   839:9    warning  'math' is not defined                               no-undef
   839:21   warning  'math' is not defined                               no-undef
   839:32   warning  'math' is not defined                               no-undef
   839:46   warning  'math' is not defined                               no-undef
   840:6    warning  'd1' is already defined                             no-redeclare
   840:9    warning  'math' is not defined                               no-undef
   840:21   warning  'math' is not defined                               no-undef
   840:32   warning  'math' is not defined                               no-undef
   840:46   warning  'math' is not defined                               no-undef
   840:55   warning  'math' is not defined                               no-undef
   840:79   warning  'math' is not defined                               no-undef
   841:6    warning  'd2' is already defined                             no-redeclare
   844:1    warning  Mixed spaces and tabs                               no-mixed-spaces-and-tabs
   848:1    warning  Mixed spaces and tabs                               no-mixed-spaces-and-tabs
   868:1    warning  Mixed spaces and tabs                               no-mixed-spaces-and-tabs
   870:1    warning  Mixed spaces and tabs                               no-mixed-spaces-and-tabs
   881:8    warning  'part1' is already defined                          no-redeclare
   881:14   warning  'math' is not defined                               no-undef
   882:8    warning  'num1' is already defined                           no-redeclare
   882:13   warning  'math' is not defined                               no-undef
   883:8    warning  'num2' is already defined                           no-redeclare
   883:13   warning  'math' is not defined                               no-undef
   884:8    warning  'den' is already defined                            no-redeclare
   884:12   warning  'math' is not defined                               no-undef
   885:4    warning  'R1' is not defined                                 no-undef
   885:7    warning  'math' is not defined                               no-undef
   886:4    warning  'R2' is not defined                                 no-undef
   886:7    warning  'math' is not defined                               no-undef
   888:8    warning  'R1' is not defined                                 no-undef
   888:12   warning  'R2' is not defined                                 no-undef
   890:8    warning  'd' is already defined                              no-redeclare
   890:12   warning  'R1' is not defined                                 no-undef
   892:8    warning  'e0' is already defined                             no-redeclare
   892:11   warning  'math' is not defined                               no-undef
   892:23   warning  'math' is not defined                               no-undef
   893:8    warning  'e1' is already defined                             no-redeclare
   893:11   warning  'math' is not defined                               no-undef
   893:28   warning  'math' is not defined                               no-undef
   895:8    warning  'A1' is already defined                             no-redeclare
   895:11   warning  'math' is not defined                               no-undef
   895:23   warning  'math' is not defined                               no-undef
   896:8    warning  'A2' is already defined                             no-redeclare
   896:11   warning  'math' is not defined                               no-undef
   896:23   warning  'math' is not defined                               no-undef
   896:43   warning  'math' is not defined                               no-undef
   898:8    warning  'b0a0' is already defined                           no-redeclare
   898:15   warning  'math' is not defined                               no-undef
   898:27   warning  'math' is not defined                               no-undef
   898:38   warning  'math' is not defined                               no-undef
   898:52   warning  'math' is not defined                               no-undef
   900:8    warning  'Tb0a0' is already defined                          no-redeclare
   900:16   warning  'math' is not defined                               no-undef
   900:28   warning  'math' is not defined                               no-undef
   900:39   warning  'math' is not defined                               no-undef
   900:53   warning  'math' is not defined                               no-undef
   903:8    warning  'TA1' is already defined                            no-redeclare
   903:12   warning  'math' is not defined                               no-undef
   903:24   warning  'math' is not defined                               no-undef
   903:35   warning  'math' is not defined                               no-undef
   903:49   warning  'math' is not defined                               no-undef
   904:8    warning  'TA2' is already defined                            no-redeclare
   904:12   warning  'math' is not defined                               no-undef
   904:24   warning  'math' is not defined                               no-undef
   904:35   warning  'math' is not defined                               no-undef
   904:49   warning  'math' is not defined                               no-undef
   905:8    warning  'eTp1' is already defined                           no-redeclare
   905:13   warning  'math' is not defined                               no-undef
   905:25   warning  'math' is not defined                               no-undef
   905:36   warning  'math' is not defined                               no-undef
   905:50   warning  'math' is not defined                               no-undef
   905:59   warning  'math' is not defined                               no-undef
   905:75   warning  'R1' is not defined                                 no-undef
   906:8    warning  'eTp2' is already defined                           no-redeclare
   906:13   warning  'math' is not defined                               no-undef
   906:25   warning  'math' is not defined                               no-undef
   906:36   warning  'math' is not defined                               no-undef
   906:50   warning  'math' is not defined                               no-undef
   906:59   warning  'math' is not defined                               no-undef
   906:75   warning  'R2' is not defined                                 no-undef
   908:8    warning  'c1' is already defined                             no-redeclare
   908:11   warning  'math' is not defined                               no-undef
   908:23   warning  'math' is not defined                               no-undef
   908:34   warning  'math' is not defined                               no-undef
   908:48   warning  'math' is not defined                               no-undef
   909:8    warning  'c2' is already defined                             no-redeclare
   909:11   warning  'math' is not defined                               no-undef
   909:23   warning  'math' is not defined                               no-undef
   909:34   warning  'math' is not defined                               no-undef
   909:48   warning  'math' is not defined                               no-undef
   911:8    warning  'd0' is already defined                             no-redeclare
   911:11   warning  'math' is not defined                               no-undef
   911:23   warning  'math' is not defined                               no-undef
   911:34   warning  'math' is not defined                               no-undef
   911:48   warning  'math' is not defined                               no-undef
   912:8    warning  'd1' is already defined                             no-redeclare
   912:11   warning  'math' is not defined                               no-undef
   912:23   warning  'math' is not defined                               no-undef
   912:34   warning  'math' is not defined                               no-undef
   912:48   warning  'math' is not defined                               no-undef
   912:57   warning  'math' is not defined                               no-undef
   912:86   warning  'math' is not defined                               no-undef
   912:110  warning  'math' is not defined                               no-undef
   917:8    warning  'd2' is already defined                             no-redeclare
   920:1    warning  Mixed spaces and tabs                               no-mixed-spaces-and-tabs
   927:1    warning  Mixed spaces and tabs                               no-mixed-spaces-and-tabs
   947:1    warning  Mixed spaces and tabs                               no-mixed-spaces-and-tabs
   949:1    warning  Mixed spaces and tabs                               no-mixed-spaces-and-tabs
   956:8    warning  'e0' is already defined                             no-redeclare
   956:11   warning  'math' is not defined                               no-undef
   956:28   warning  'math' is not defined                               no-undef
   956:45   warning  'math' is not defined                               no-undef
   957:8    warning  'e1' is already defined                             no-redeclare
   957:11   warning  'math' is not defined                               no-undef
   957:28   warning  'math' is not defined                               no-undef
   957:45   warning  'math' is not defined                               no-undef
   958:8    warning  'A1' is already defined                             no-redeclare
   958:11   warning  'math' is not defined                               no-undef
   958:23   warning  'math' is not defined                               no-undef
   958:32   warning  'math' is not defined                               no-undef
   958:49   warning  'R1' is not defined                                 no-undef
   958:57   warning  'math' is not defined                               no-undef
   958:71   warning  'R1' is not defined                                 no-undef
   958:74   warning  'R2' is not defined                                 no-undef
   959:8    warning  'A2' is already defined                             no-redeclare
   959:11   warning  'math' is not defined                               no-undef
   959:23   warning  'math' is not defined                               no-undef
   959:32   warning  'math' is not defined                               no-undef
   959:49   warning  'R2' is not defined                                 no-undef
   959:57   warning  'math' is not defined                               no-undef
   959:71   warning  'R2' is not defined                                 no-undef
   959:74   warning  'R1' is not defined                                 no-undef
   961:8    warning  'TA1' is already defined                            no-redeclare
   961:12   warning  'math' is not defined                               no-undef
   961:24   warning  'math' is not defined                               no-undef
   961:35   warning  'math' is not defined                               no-undef
   961:49   warning  'math' is not defined                               no-undef
   962:8    warning  'TA2' is already defined                            no-redeclare
   962:12   warning  'math' is not defined                               no-undef
   962:24   warning  'math' is not defined                               no-undef
   962:35   warning  'math' is not defined                               no-undef
   962:49   warning  'math' is not defined                               no-undef
   963:8    warning  'eTp1' is already defined                           no-redeclare
   963:13   warning  'math' is not defined                               no-undef
   963:25   warning  'math' is not defined                               no-undef
   963:36   warning  'math' is not defined                               no-undef
   963:50   warning  'math' is not defined                               no-undef
   963:59   warning  'math' is not defined                               no-undef
   963:75   warning  'R1' is not defined                                 no-undef
   964:8    warning  'eTp2' is already defined                           no-redeclare
   964:13   warning  'math' is not defined                               no-undef
   964:25   warning  'math' is not defined                               no-undef
   964:36   warning  'math' is not defined                               no-undef
   964:50   warning  'math' is not defined                               no-undef
   964:59   warning  'math' is not defined                               no-undef
   964:75   warning  'R2' is not defined                                 no-undef
   965:8    warning  'c1' is already defined                             no-redeclare
   965:11   warning  'math' is not defined                               no-undef
   965:23   warning  'math' is not defined                               no-undef
   965:34   warning  'math' is not defined                               no-undef
   965:48   warning  'math' is not defined                               no-undef
   966:8    warning  'c2' is already defined                             no-redeclare
   966:11   warning  'math' is not defined                               no-undef
   966:23   warning  'math' is not defined                               no-undef
   966:34   warning  'math' is not defined                               no-undef
   966:48   warning  'math' is not defined                               no-undef
   967:8    warning  'd0' is already defined                             no-redeclare
   967:11   warning  'math' is not defined                               no-undef
   967:23   warning  'math' is not defined                               no-undef
   967:34   warning  'math' is not defined                               no-undef
   967:48   warning  'math' is not defined                               no-undef
   968:8    warning  'd1' is already defined                             no-redeclare
   968:11   warning  'math' is not defined                               no-undef
   968:23   warning  'math' is not defined                               no-undef
   968:34   warning  'math' is not defined                               no-undef
   968:48   warning  'math' is not defined                               no-undef
   968:57   warning  'math' is not defined                               no-undef
   968:81   warning  'math' is not defined                               no-undef
   969:8    warning  'd2' is already defined                             no-redeclare
   972:1    warning  Mixed spaces and tabs                               no-mixed-spaces-and-tabs
   976:1    warning  Mixed spaces and tabs                               no-mixed-spaces-and-tabs
   996:1    warning  Mixed spaces and tabs                               no-mixed-spaces-and-tabs
   998:1    warning  Mixed spaces and tabs                               no-mixed-spaces-and-tabs
  1013:1    warning  Mixed spaces and tabs                               no-mixed-spaces-and-tabs
  1014:1    warning  Mixed spaces and tabs                               no-mixed-spaces-and-tabs
  1015:1    warning  Mixed spaces and tabs                               no-mixed-spaces-and-tabs
  1016:1    warning  Mixed spaces and tabs                               no-mixed-spaces-and-tabs
  1017:1    warning  Mixed spaces and tabs                               no-mixed-spaces-and-tabs
  1018:1    warning  Mixed spaces and tabs                               no-mixed-spaces-and-tabs
  1022:1    warning  Mixed spaces and tabs                               no-mixed-spaces-and-tabs
  1023:1    warning  Mixed spaces and tabs                               no-mixed-spaces-and-tabs
  1024:1    warning  Mixed spaces and tabs                               no-mixed-spaces-and-tabs
  1025:1    warning  Mixed spaces and tabs                               no-mixed-spaces-and-tabs
  1025:14   warning  'b0' is already defined                             no-redeclare
  1026:8    warning  'b1' is already defined                             no-redeclare
  1027:8    warning  'b2' is already defined                             no-redeclare
  1028:17   warning  'a0' is already defined                             no-redeclare
  1029:8    warning  'a1' is already defined                             no-redeclare
  1030:8    warning  'a2' is already defined                             no-redeclare
  1031:1    warning  Mixed spaces and tabs                               no-mixed-spaces-and-tabs
  1031:14   warning  'T' is already defined                              no-redeclare
  1033:11   warning  Mixed spaces and tabs                               no-mixed-spaces-and-tabs
  1034:1    warning  Mixed spaces and tabs                               no-mixed-spaces-and-tabs
  1034:14   warning  'part' is already defined                           no-redeclare
  1034:19   warning  'math' is not defined                               no-undef
  1034:33   warning  'math' is not defined                               no-undef
  1034:48   warning  'math' is not defined                               no-undef
  1038:8    warning  'part1' is already defined                          no-redeclare
  1038:14   warning  'math' is not defined                               no-undef
  1039:8    warning  'num1' is already defined                           no-redeclare
  1039:13   warning  'math' is not defined                               no-undef
  1040:8    warning  'den' is already defined                            no-redeclare
  1040:12   warning  'math' is not defined                               no-undef
  1041:4    warning  'R11' is not defined                                no-undef
  1041:8    warning  'math' is not defined                               no-undef
  1043:4    warning  'R1' is not defined                                 no-undef
  1043:9    warning  'math' is not defined                               no-undef
  1043:22   warning  'math' is not defined                               no-undef
  1043:34   warning  'math' is not defined                               no-undef
  1043:45   warning  'math' is not defined                               no-undef
  1043:59   warning  'R11' is not defined                                no-undef
  1043:79   warning  'math' is not defined                               no-undef
  1043:91   warning  'math' is not defined                               no-undef
  1043:102  warning  'math' is not defined                               no-undef
  1043:116  warning  'R11' is not defined                                no-undef
  1045:16   warning  'R1' is not defined                                 no-undef
  1046:16   warning  'R1' is not defined                                 no-undef
  1047:16   warning  'R1' is not defined                                 no-undef
  1049:8    warning  'num2' is already defined                           no-redeclare
  1049:13   warning  'math' is not defined                               no-undef
  1051:4    warning  'R2' is not defined                                 no-undef
  1051:7    warning  'math' is not defined                               no-undef
  1051:20   warning  'R1' is not defined                                 no-undef
  1051:27   warning  'R1' is not defined                                 no-undef
  1053:16   warning  'R2' is not defined                                 no-undef
  1055:8    warning  'e0' is already defined                             no-redeclare
  1055:11   warning  'math' is not defined                               no-undef
  1055:28   warning  'math' is not defined                               no-undef
  1055:45   warning  'math' is not defined                               no-undef
  1056:8    warning  'e1' is already defined                             no-redeclare
  1056:11   warning  'math' is not defined                               no-undef
  1056:28   warning  'math' is not defined                               no-undef
  1056:45   warning  'math' is not defined                               no-undef
  1057:8    warning  'A1' is already defined                             no-redeclare
  1057:11   warning  'math' is not defined                               no-undef
  1057:23   warning  'math' is not defined                               no-undef
  1057:32   warning  'math' is not defined                               no-undef
  1057:49   warning  'R1' is not defined                                 no-undef
  1057:57   warning  'math' is not defined                               no-undef
  1057:71   warning  'R1' is not defined                                 no-undef
  1057:74   warning  'R2' is not defined                                 no-undef
  1058:8    warning  'A2' is already defined                             no-redeclare
  1058:11   warning  'math' is not defined                               no-undef
  1058:23   warning  'math' is not defined                               no-undef
  1058:32   warning  'math' is not defined                               no-undef
  1058:49   warning  'R2' is not defined                                 no-undef
  1058:57   warning  'math' is not defined                               no-undef
  1058:71   warning  'R2' is not defined                                 no-undef
  1058:74   warning  'R1' is not defined                                 no-undef
  1060:6    warning  'TA1' is already defined                            no-redeclare
  1060:10   warning  'math' is not defined                               no-undef
  1060:22   warning  'math' is not defined                               no-undef
  1060:33   warning  'math' is not defined                               no-undef
  1060:47   warning  'math' is not defined                               no-undef
  1061:6    warning  'TA2' is already defined                            no-redeclare
  1061:10   warning  'math' is not defined                               no-undef
  1061:22   warning  'math' is not defined                               no-undef
  1061:33   warning  'math' is not defined                               no-undef
  1061:47   warning  'math' is not defined                               no-undef
  1062:6    warning  'eTp1' is already defined                           no-redeclare
  1062:11   warning  'math' is not defined                               no-undef
  1062:23   warning  'math' is not defined                               no-undef
  1062:34   warning  'math' is not defined                               no-undef
  1062:48   warning  'math' is not defined                               no-undef
  1062:57   warning  'math' is not defined                               no-undef
  1062:73   warning  'R1' is not defined                                 no-undef
  1063:6    warning  'eTp2' is already defined                           no-redeclare
  1063:11   warning  'math' is not defined                               no-undef
  1063:23   warning  'math' is not defined                               no-undef
  1063:34   warning  'math' is not defined                               no-undef
  1063:48   warning  'math' is not defined                               no-undef
  1063:57   warning  'math' is not defined                               no-undef
  1063:73   warning  'R2' is not defined                                 no-undef
  1064:6    warning  'c1' is already defined                             no-redeclare
  1064:9    warning  'math' is not defined                               no-undef
  1064:21   warning  'math' is not defined                               no-undef
  1064:32   warning  'math' is not defined                               no-undef
  1064:46   warning  'math' is not defined                               no-undef
  1065:6    warning  'c2' is already defined                             no-redeclare
  1065:9    warning  'math' is not defined                               no-undef
  1065:21   warning  'math' is not defined                               no-undef
  1065:32   warning  'math' is not defined                               no-undef
  1065:46   warning  'math' is not defined                               no-undef
  1066:6    warning  'd0' is already defined                             no-redeclare
  1066:9    warning  'math' is not defined                               no-undef
  1066:21   warning  'math' is not defined                               no-undef
  1066:32   warning  'math' is not defined                               no-undef
  1066:46   warning  'math' is not defined                               no-undef
  1067:6    warning  'd1' is already defined                             no-redeclare
  1067:9    warning  'math' is not defined                               no-undef
  1067:21   warning  'math' is not defined                               no-undef
  1067:32   warning  'math' is not defined                               no-undef
  1067:46   warning  'math' is not defined                               no-undef
  1067:55   warning  'math' is not defined                               no-undef
  1067:79   warning  'math' is not defined                               no-undef
  1068:6    warning  'd2' is already defined                             no-redeclare
  1071:1    warning  Mixed spaces and tabs                               no-mixed-spaces-and-tabs
  1075:1    warning  Mixed spaces and tabs                               no-mixed-spaces-and-tabs
  1095:1    warning  Mixed spaces and tabs                               no-mixed-spaces-and-tabs
  1097:1    warning  Mixed spaces and tabs                               no-mixed-spaces-and-tabs
  1108:8    warning  'part1' is already defined                          no-redeclare
  1108:14   warning  'math' is not defined                               no-undef
  1109:8    warning  'num1' is already defined                           no-redeclare
  1109:13   warning  'math' is not defined                               no-undef
  1110:8    warning  'num2' is already defined                           no-redeclare
  1110:13   warning  'math' is not defined                               no-undef
  1111:8    warning  'den' is already defined                            no-redeclare
  1111:12   warning  'math' is not defined                               no-undef
  1112:4    warning  'R1' is not defined                                 no-undef
  1112:7    warning  'math' is not defined                               no-undef
  1113:4    warning  'R2' is not defined                                 no-undef
  1113:7    warning  'math' is not defined                               no-undef
  1115:8    warning  'R1' is not defined                                 no-undef
  1115:12   warning  'R2' is not defined                                 no-undef
  1117:8    warning  'd' is already defined                              no-redeclare
  1117:12   warning  'R1' is not defined                                 no-undef
  1119:8    warning  'e0' is already defined                             no-redeclare
  1119:11   warning  'math' is not defined                               no-undef
  1119:23   warning  'math' is not defined                               no-undef
  1120:8    warning  'e1' is already defined                             no-redeclare
  1120:11   warning  'math' is not defined                               no-undef
  1120:28   warning  'math' is not defined                               no-undef
  1122:8    warning  'A1' is already defined                             no-redeclare
  1122:11   warning  'math' is not defined                               no-undef
  1122:23   warning  'math' is not defined                               no-undef
  1123:8    warning  'A2' is already defined                             no-redeclare
  1123:11   warning  'math' is not defined                               no-undef
  1123:23   warning  'math' is not defined                               no-undef
  1123:43   warning  'math' is not defined                               no-undef
  1125:8    warning  'b0a0' is already defined                           no-redeclare
  1125:15   warning  'math' is not defined                               no-undef
  1125:27   warning  'math' is not defined                               no-undef
  1125:38   warning  'math' is not defined                               no-undef
  1125:52   warning  'math' is not defined                               no-undef
  1127:8    warning  'Tb0a0' is already defined                          no-redeclare
  1127:16   warning  'math' is not defined                               no-undef
  1127:28   warning  'math' is not defined                               no-undef
  1127:39   warning  'math' is not defined                               no-undef
  1127:53   warning  'math' is not defined                               no-undef
  1130:8    warning  'TA1' is already defined                            no-redeclare
  1130:12   warning  'math' is not defined                               no-undef
  1130:24   warning  'math' is not defined                               no-undef
  1130:35   warning  'math' is not defined                               no-undef
  1130:49   warning  'math' is not defined                               no-undef
  1131:8    warning  'TA2' is already defined                            no-redeclare
  1131:12   warning  'math' is not defined                               no-undef
  1131:24   warning  'math' is not defined                               no-undef
  1131:35   warning  'math' is not defined                               no-undef
  1131:49   warning  'math' is not defined                               no-undef
  1132:8    warning  'eTp1' is already defined                           no-redeclare
  1132:13   warning  'math' is not defined                               no-undef
  1132:25   warning  'math' is not defined                               no-undef
  1132:36   warning  'math' is not defined                               no-undef
  1132:50   warning  'math' is not defined                               no-undef
  1132:59   warning  'math' is not defined                               no-undef
  1132:75   warning  'R1' is not defined                                 no-undef
  1133:8    warning  'eTp2' is already defined                           no-redeclare
  1133:13   warning  'math' is not defined                               no-undef
  1133:25   warning  'math' is not defined                               no-undef
  1133:36   warning  'math' is not defined                               no-undef
  1133:50   warning  'math' is not defined                               no-undef
  1133:59   warning  'math' is not defined                               no-undef
  1133:75   warning  'R2' is not defined                                 no-undef
  1135:8    warning  'c1' is already defined                             no-redeclare
  1135:11   warning  'math' is not defined                               no-undef
  1135:23   warning  'math' is not defined                               no-undef
  1135:34   warning  'math' is not defined                               no-undef
  1135:48   warning  'math' is not defined                               no-undef
  1136:8    warning  'c2' is already defined                             no-redeclare
  1136:11   warning  'math' is not defined                               no-undef
  1136:23   warning  'math' is not defined                               no-undef
  1136:34   warning  'math' is not defined                               no-undef
  1136:48   warning  'math' is not defined                               no-undef
  1138:8    warning  'd0' is already defined                             no-redeclare
  1138:11   warning  'math' is not defined                               no-undef
  1138:23   warning  'math' is not defined                               no-undef
  1138:34   warning  'math' is not defined                               no-undef
  1138:48   warning  'math' is not defined                               no-undef
  1139:8    warning  'd1' is already defined                             no-redeclare
  1139:11   warning  'math' is not defined                               no-undef
  1139:23   warning  'math' is not defined                               no-undef
  1139:34   warning  'math' is not defined                               no-undef
  1139:48   warning  'math' is not defined                               no-undef
  1139:57   warning  'math' is not defined                               no-undef
  1139:86   warning  'math' is not defined                               no-undef
  1139:110  warning  'math' is not defined                               no-undef
  1144:8    warning  'd2' is already defined                             no-redeclare
  1147:1    warning  Mixed spaces and tabs                               no-mixed-spaces-and-tabs
  1154:1    warning  Mixed spaces and tabs                               no-mixed-spaces-and-tabs
  1174:1    warning  Mixed spaces and tabs                               no-mixed-spaces-and-tabs
  1176:1    warning  Mixed spaces and tabs                               no-mixed-spaces-and-tabs
  1183:8    warning  'e0' is already defined                             no-redeclare
  1183:11   warning  'math' is not defined                               no-undef
  1183:28   warning  'math' is not defined                               no-undef
  1183:45   warning  'math' is not defined                               no-undef
  1184:8    warning  'e1' is already defined                             no-redeclare
  1184:11   warning  'math' is not defined                               no-undef
  1184:28   warning  'math' is not defined                               no-undef
  1184:45   warning  'math' is not defined                               no-undef
  1185:8    warning  'A1' is already defined                             no-redeclare
  1185:11   warning  'math' is not defined                               no-undef
  1185:23   warning  'math' is not defined                               no-undef
  1185:32   warning  'math' is not defined                               no-undef
  1185:49   warning  'R1' is not defined                                 no-undef
  1185:57   warning  'math' is not defined                               no-undef
  1185:71   warning  'R1' is not defined                                 no-undef
  1185:74   warning  'R2' is not defined                                 no-undef
  1186:8    warning  'A2' is already defined                             no-redeclare
  1186:11   warning  'math' is not defined                               no-undef
  1186:23   warning  'math' is not defined                               no-undef
  1186:32   warning  'math' is not defined                               no-undef
  1186:49   warning  'R2' is not defined                                 no-undef
  1186:57   warning  'math' is not defined                               no-undef
  1186:71   warning  'R2' is not defined                                 no-undef
  1186:74   warning  'R1' is not defined                                 no-undef
  1188:8    warning  'TA1' is already defined                            no-redeclare
  1188:12   warning  'math' is not defined                               no-undef
  1188:24   warning  'math' is not defined                               no-undef
  1188:35   warning  'math' is not defined                               no-undef
  1188:49   warning  'math' is not defined                               no-undef
  1189:8    warning  'TA2' is already defined                            no-redeclare
  1189:12   warning  'math' is not defined                               no-undef
  1189:24   warning  'math' is not defined                               no-undef
  1189:35   warning  'math' is not defined                               no-undef
  1189:49   warning  'math' is not defined                               no-undef
  1190:8    warning  'eTp1' is already defined                           no-redeclare
  1190:13   warning  'math' is not defined                               no-undef
  1190:25   warning  'math' is not defined                               no-undef
  1190:36   warning  'math' is not defined                               no-undef
  1190:50   warning  'math' is not defined                               no-undef
  1190:59   warning  'math' is not defined                               no-undef
  1190:75   warning  'R1' is not defined                                 no-undef
  1191:8    warning  'eTp2' is already defined                           no-redeclare
  1191:13   warning  'math' is not defined                               no-undef
  1191:25   warning  'math' is not defined                               no-undef
  1191:36   warning  'math' is not defined                               no-undef
  1191:50   warning  'math' is not defined                               no-undef
  1191:59   warning  'math' is not defined                               no-undef
  1191:75   warning  'R2' is not defined                                 no-undef
  1192:8    warning  'c1' is already defined                             no-redeclare
  1192:11   warning  'math' is not defined                               no-undef
  1192:23   warning  'math' is not defined                               no-undef
  1192:34   warning  'math' is not defined                               no-undef
  1192:48   warning  'math' is not defined                               no-undef
  1193:8    warning  'c2' is already defined                             no-redeclare
  1193:11   warning  'math' is not defined                               no-undef
  1193:23   warning  'math' is not defined                               no-undef
  1193:34   warning  'math' is not defined                               no-undef
  1193:48   warning  'math' is not defined                               no-undef
  1194:8    warning  'd0' is already defined                             no-redeclare
  1194:11   warning  'math' is not defined                               no-undef
  1194:23   warning  'math' is not defined                               no-undef
  1194:34   warning  'math' is not defined                               no-undef
  1194:48   warning  'math' is not defined                               no-undef
  1195:8    warning  'd1' is already defined                             no-redeclare
  1195:11   warning  'math' is not defined                               no-undef
  1195:23   warning  'math' is not defined                               no-undef
  1195:34   warning  'math' is not defined                               no-undef
  1195:48   warning  'math' is not defined                               no-undef
  1195:57   warning  'math' is not defined                               no-undef
  1195:81   warning  'math' is not defined                               no-undef
  1196:8    warning  'd2' is already defined                             no-redeclare
  1199:1    warning  Mixed spaces and tabs                               no-mixed-spaces-and-tabs
  1203:1    warning  Mixed spaces and tabs                               no-mixed-spaces-and-tabs
  1223:1    warning  Mixed spaces and tabs                               no-mixed-spaces-and-tabs
  1225:1    warning  Mixed spaces and tabs                               no-mixed-spaces-and-tabs
  1240:1    warning  Mixed spaces and tabs                               no-mixed-spaces-and-tabs
  1241:1    warning  Mixed spaces and tabs                               no-mixed-spaces-and-tabs
  1242:1    warning  Mixed spaces and tabs                               no-mixed-spaces-and-tabs
  1243:1    warning  Mixed spaces and tabs                               no-mixed-spaces-and-tabs
  1244:1    warning  Mixed spaces and tabs                               no-mixed-spaces-and-tabs
  1245:1    warning  Mixed spaces and tabs                               no-mixed-spaces-and-tabs
  1250:1    warning  Mixed spaces and tabs                               no-mixed-spaces-and-tabs
  1251:1    warning  Mixed spaces and tabs                               no-mixed-spaces-and-tabs
  1252:1    warning  Mixed spaces and tabs                               no-mixed-spaces-and-tabs
  1253:1    warning  Mixed spaces and tabs                               no-mixed-spaces-and-tabs
  1253:14   warning  'b0' is already defined                             no-redeclare
  1254:8    warning  'b1' is already defined                             no-redeclare
  1255:8    warning  'b2' is already defined                             no-redeclare
  1256:17   warning  'a0' is already defined                             no-redeclare
  1257:8    warning  'a1' is already defined                             no-redeclare
  1258:8    warning  'a2' is already defined                             no-redeclare
  1259:1    warning  Mixed spaces and tabs                               no-mixed-spaces-and-tabs
  1259:14   warning  'T' is already defined                              no-redeclare
  1261:11   warning  Mixed spaces and tabs                               no-mixed-spaces-and-tabs
  1262:1    warning  Mixed spaces and tabs                               no-mixed-spaces-and-tabs
  1262:14   warning  'part' is already defined                           no-redeclare
  1262:19   warning  'math' is not defined                               no-undef
  1262:33   warning  'math' is not defined                               no-undef
  1262:48   warning  'math' is not defined                               no-undef
  1266:8    warning  'part1' is already defined                          no-redeclare
  1266:14   warning  'math' is not defined                               no-undef
  1267:8    warning  'num1' is already defined                           no-redeclare
  1267:13   warning  'math' is not defined                               no-undef
  1268:8    warning  'den' is already defined                            no-redeclare
  1268:12   warning  'math' is not defined                               no-undef
  1269:4    warning  'R11' is not defined                                no-undef
  1269:8    warning  'math' is not defined                               no-undef
  1271:4    warning  'R1' is not defined                                 no-undef
  1271:9    warning  'math' is not defined                               no-undef
  1271:22   warning  'math' is not defined                               no-undef
  1271:34   warning  'math' is not defined                               no-undef
  1271:45   warning  'math' is not defined                               no-undef
  1271:59   warning  'R11' is not defined                                no-undef
  1271:79   warning  'math' is not defined                               no-undef
  1271:91   warning  'math' is not defined                               no-undef
  1271:102  warning  'math' is not defined                               no-undef
  1271:116  warning  'R11' is not defined                                no-undef
  1273:16   warning  'R1' is not defined                                 no-undef
  1274:16   warning  'R1' is not defined                                 no-undef
  1275:16   warning  'R1' is not defined                                 no-undef
  1277:8    warning  'num2' is already defined                           no-redeclare
  1277:13   warning  'math' is not defined                               no-undef
  1279:4    warning  'R2' is not defined                                 no-undef
  1279:7    warning  'math' is not defined                               no-undef
  1279:20   warning  'R1' is not defined                                 no-undef
  1279:27   warning  'R1' is not defined                                 no-undef
  1281:16   warning  'R2' is not defined                                 no-undef
  1283:8    warning  'e0' is already defined                             no-redeclare
  1283:11   warning  'math' is not defined                               no-undef
  1283:28   warning  'math' is not defined                               no-undef
  1283:45   warning  'math' is not defined                               no-undef
  1284:8    warning  'e1' is already defined                             no-redeclare
  1284:11   warning  'math' is not defined                               no-undef
  1284:28   warning  'math' is not defined                               no-undef
  1284:45   warning  'math' is not defined                               no-undef
  1285:8    warning  'A1' is already defined                             no-redeclare
  1285:11   warning  'math' is not defined                               no-undef
  1285:23   warning  'math' is not defined                               no-undef
  1285:32   warning  'math' is not defined                               no-undef
  1285:49   warning  'R1' is not defined                                 no-undef
  1285:57   warning  'math' is not defined                               no-undef
  1285:71   warning  'R1' is not defined                                 no-undef
  1285:74   warning  'R2' is not defined                                 no-undef
  1286:8    warning  'A2' is already defined                             no-redeclare
  1286:11   warning  'math' is not defined                               no-undef
  1286:23   warning  'math' is not defined                               no-undef
  1286:32   warning  'math' is not defined                               no-undef
  1286:49   warning  'R2' is not defined                                 no-undef
  1286:57   warning  'math' is not defined                               no-undef
  1286:71   warning  'R2' is not defined                                 no-undef
  1286:74   warning  'R1' is not defined                                 no-undef
  1288:6    warning  'TA1' is already defined                            no-redeclare
  1288:10   warning  'math' is not defined                               no-undef
  1288:22   warning  'math' is not defined                               no-undef
  1288:33   warning  'math' is not defined                               no-undef
  1288:47   warning  'math' is not defined                               no-undef
  1289:6    warning  'TA2' is already defined                            no-redeclare
  1289:10   warning  'math' is not defined                               no-undef
  1289:22   warning  'math' is not defined                               no-undef
  1289:33   warning  'math' is not defined                               no-undef
  1289:47   warning  'math' is not defined                               no-undef
  1290:6    warning  'eTp1' is already defined                           no-redeclare
  1290:11   warning  'math' is not defined                               no-undef
  1290:23   warning  'math' is not defined                               no-undef
  1290:34   warning  'math' is not defined                               no-undef
  1290:48   warning  'math' is not defined                               no-undef
  1290:57   warning  'math' is not defined                               no-undef
  1290:73   warning  'R1' is not defined                                 no-undef
  1291:6    warning  'eTp2' is already defined                           no-redeclare
  1291:11   warning  'math' is not defined                               no-undef
  1291:23   warning  'math' is not defined                               no-undef
  1291:34   warning  'math' is not defined                               no-undef
  1291:48   warning  'math' is not defined                               no-undef
  1291:57   warning  'math' is not defined                               no-undef
  1291:73   warning  'R2' is not defined                                 no-undef
  1292:6    warning  'c1' is already defined                             no-redeclare
  1292:9    warning  'math' is not defined                               no-undef
  1292:21   warning  'math' is not defined                               no-undef
  1292:32   warning  'math' is not defined                               no-undef
  1292:46   warning  'math' is not defined                               no-undef
  1293:6    warning  'c2' is already defined                             no-redeclare
  1293:9    warning  'math' is not defined                               no-undef
  1293:21   warning  'math' is not defined                               no-undef
  1293:32   warning  'math' is not defined                               no-undef
  1293:46   warning  'math' is not defined                               no-undef
  1294:6    warning  'd0' is already defined                             no-redeclare
  1294:9    warning  'math' is not defined                               no-undef
  1294:21   warning  'math' is not defined                               no-undef
  1294:32   warning  'math' is not defined                               no-undef
  1294:46   warning  'math' is not defined                               no-undef
  1295:6    warning  'd1' is already defined                             no-redeclare
  1295:9    warning  'math' is not defined                               no-undef
  1295:21   warning  'math' is not defined                               no-undef
  1295:32   warning  'math' is not defined                               no-undef
  1295:46   warning  'math' is not defined                               no-undef
  1295:55   warning  'math' is not defined                               no-undef
  1295:79   warning  'math' is not defined                               no-undef
  1296:6    warning  'd2' is already defined                             no-redeclare
  1299:1    warning  Mixed spaces and tabs                               no-mixed-spaces-and-tabs
  1303:1    warning  Mixed spaces and tabs                               no-mixed-spaces-and-tabs
  1323:1    warning  Mixed spaces and tabs                               no-mixed-spaces-and-tabs
  1325:1    warning  Mixed spaces and tabs                               no-mixed-spaces-and-tabs
  1336:8    warning  'part1' is already defined                          no-redeclare
  1336:14   warning  'math' is not defined                               no-undef
  1337:8    warning  'num1' is already defined                           no-redeclare
  1337:13   warning  'math' is not defined                               no-undef
  1338:8    warning  'num2' is already defined                           no-redeclare
  1338:13   warning  'math' is not defined                               no-undef
  1339:8    warning  'den' is already defined                            no-redeclare
  1339:12   warning  'math' is not defined                               no-undef
  1340:4    warning  'R1' is not defined                                 no-undef
  1340:7    warning  'math' is not defined                               no-undef
  1341:4    warning  'R2' is not defined                                 no-undef
  1341:7    warning  'math' is not defined                               no-undef
  1343:8    warning  'R1' is not defined                                 no-undef
  1343:12   warning  'R2' is not defined                                 no-undef
  1345:8    warning  'd' is already defined                              no-redeclare
  1345:12   warning  'R1' is not defined                                 no-undef
  1347:8    warning  'e0' is already defined                             no-redeclare
  1347:11   warning  'math' is not defined                               no-undef
  1347:23   warning  'math' is not defined                               no-undef
  1348:8    warning  'e1' is already defined                             no-redeclare
  1348:11   warning  'math' is not defined                               no-undef
  1348:28   warning  'math' is not defined                               no-undef
  1350:8    warning  'A1' is already defined                             no-redeclare
  1350:11   warning  'math' is not defined                               no-undef
  1350:23   warning  'math' is not defined                               no-undef
  1351:8    warning  'A2' is already defined                             no-redeclare
  1351:11   warning  'math' is not defined                               no-undef
  1351:23   warning  'math' is not defined                               no-undef
  1351:43   warning  'math' is not defined                               no-undef
  1353:8    warning  'b0a0' is already defined                           no-redeclare
  1353:15   warning  'math' is not defined                               no-undef
  1353:27   warning  'math' is not defined                               no-undef
  1353:38   warning  'math' is not defined                               no-undef
  1353:52   warning  'math' is not defined                               no-undef
  1355:8    warning  'Tb0a0' is already defined                          no-redeclare
  1355:16   warning  'math' is not defined                               no-undef
  1355:28   warning  'math' is not defined                               no-undef
  1355:39   warning  'math' is not defined                               no-undef
  1355:53   warning  'math' is not defined                               no-undef
  1358:8    warning  'TA1' is already defined                            no-redeclare
  1358:12   warning  'math' is not defined                               no-undef
  1358:24   warning  'math' is not defined                               no-undef
  1358:35   warning  'math' is not defined                               no-undef
  1358:49   warning  'math' is not defined                               no-undef
  1359:8    warning  'TA2' is already defined                            no-redeclare
  1359:12   warning  'math' is not defined                               no-undef
  1359:24   warning  'math' is not defined                               no-undef
  1359:35   warning  'math' is not defined                               no-undef
  1359:49   warning  'math' is not defined                               no-undef
  1360:8    warning  'eTp1' is already defined                           no-redeclare
  1360:13   warning  'math' is not defined                               no-undef
  1360:25   warning  'math' is not defined                               no-undef
  1360:36   warning  'math' is not defined                               no-undef
  1360:50   warning  'math' is not defined                               no-undef
  1360:59   warning  'math' is not defined                               no-undef
  1360:75   warning  'R1' is not defined                                 no-undef
  1361:8    warning  'eTp2' is already defined                           no-redeclare
  1361:13   warning  'math' is not defined                               no-undef
  1361:25   warning  'math' is not defined                               no-undef
  1361:36   warning  'math' is not defined                               no-undef
  1361:50   warning  'math' is not defined                               no-undef
  1361:59   warning  'math' is not defined                               no-undef
  1361:75   warning  'R2' is not defined                                 no-undef
  1363:8    warning  'c1' is already defined                             no-redeclare
  1363:11   warning  'math' is not defined                               no-undef
  1363:23   warning  'math' is not defined                               no-undef
  1363:34   warning  'math' is not defined                               no-undef
  1363:48   warning  'math' is not defined                               no-undef
  1364:8    warning  'c2' is already defined                             no-redeclare
  1364:11   warning  'math' is not defined                               no-undef
  1364:23   warning  'math' is not defined                               no-undef
  1364:34   warning  'math' is not defined                               no-undef
  1364:48   warning  'math' is not defined                               no-undef
  1366:8    warning  'd0' is already defined                             no-redeclare
  1366:11   warning  'math' is not defined                               no-undef
  1366:23   warning  'math' is not defined                               no-undef
  1366:34   warning  'math' is not defined                               no-undef
  1366:48   warning  'math' is not defined                               no-undef
  1367:8    warning  'd1' is already defined                             no-redeclare
  1367:11   warning  'math' is not defined                               no-undef
  1367:23   warning  'math' is not defined                               no-undef
  1367:34   warning  'math' is not defined                               no-undef
  1367:48   warning  'math' is not defined                               no-undef
  1367:57   warning  'math' is not defined                               no-undef
  1367:86   warning  'math' is not defined                               no-undef
  1367:110  warning  'math' is not defined                               no-undef
  1372:8    warning  'd2' is already defined                             no-redeclare
  1375:1    warning  Mixed spaces and tabs                               no-mixed-spaces-and-tabs
  1382:1    warning  Mixed spaces and tabs                               no-mixed-spaces-and-tabs
  1402:1    warning  Mixed spaces and tabs                               no-mixed-spaces-and-tabs
  1404:1    warning  Mixed spaces and tabs                               no-mixed-spaces-and-tabs
  1411:8    warning  'e0' is already defined                             no-redeclare
  1411:11   warning  'math' is not defined                               no-undef
  1411:28   warning  'math' is not defined                               no-undef
  1411:45   warning  'math' is not defined                               no-undef
  1412:8    warning  'e1' is already defined                             no-redeclare
  1412:11   warning  'math' is not defined                               no-undef
  1412:28   warning  'math' is not defined                               no-undef
  1412:45   warning  'math' is not defined                               no-undef
  1413:8    warning  'A1' is already defined                             no-redeclare
  1413:11   warning  'math' is not defined                               no-undef
  1413:23   warning  'math' is not defined                               no-undef
  1413:32   warning  'math' is not defined                               no-undef
  1413:49   warning  'R1' is not defined                                 no-undef
  1413:57   warning  'math' is not defined                               no-undef
  1413:71   warning  'R1' is not defined                                 no-undef
  1413:74   warning  'R2' is not defined                                 no-undef
  1414:8    warning  'A2' is already defined                             no-redeclare
  1414:11   warning  'math' is not defined                               no-undef
  1414:23   warning  'math' is not defined                               no-undef
  1414:32   warning  'math' is not defined                               no-undef
  1414:49   warning  'R2' is not defined                                 no-undef
  1414:57   warning  'math' is not defined                               no-undef
  1414:71   warning  'R2' is not defined                                 no-undef
  1414:74   warning  'R1' is not defined                                 no-undef
  1416:8    warning  'TA1' is already defined                            no-redeclare
  1416:12   warning  'math' is not defined                               no-undef
  1416:24   warning  'math' is not defined                               no-undef
  1416:35   warning  'math' is not defined                               no-undef
  1416:49   warning  'math' is not defined                               no-undef
  1417:8    warning  'TA2' is already defined                            no-redeclare
  1417:12   warning  'math' is not defined                               no-undef
  1417:24   warning  'math' is not defined                               no-undef
  1417:35   warning  'math' is not defined                               no-undef
  1417:49   warning  'math' is not defined                               no-undef
  1418:8    warning  'eTp1' is already defined                           no-redeclare
  1418:13   warning  'math' is not defined                               no-undef
  1418:25   warning  'math' is not defined                               no-undef
  1418:36   warning  'math' is not defined                               no-undef
  1418:50   warning  'math' is not defined                               no-undef
  1418:59   warning  'math' is not defined                               no-undef
  1418:75   warning  'R1' is not defined                                 no-undef
  1419:8    warning  'eTp2' is already defined                           no-redeclare
  1419:13   warning  'math' is not defined                               no-undef
  1419:25   warning  'math' is not defined                               no-undef
  1419:36   warning  'math' is not defined                               no-undef
  1419:50   warning  'math' is not defined                               no-undef
  1419:59   warning  'math' is not defined                               no-undef
  1419:75   warning  'R2' is not defined                                 no-undef
  1420:8    warning  'c1' is already defined                             no-redeclare
  1420:11   warning  'math' is not defined                               no-undef
  1420:23   warning  'math' is not defined                               no-undef
  1420:34   warning  'math' is not defined                               no-undef
  1420:48   warning  'math' is not defined                               no-undef
  1421:8    warning  'c2' is already defined                             no-redeclare
  1421:11   warning  'math' is not defined                               no-undef
  1421:23   warning  'math' is not defined                               no-undef
  1421:34   warning  'math' is not defined                               no-undef
  1421:48   warning  'math' is not defined                               no-undef
  1422:8    warning  'd0' is already defined                             no-redeclare
  1422:11   warning  'math' is not defined                               no-undef
  1422:23   warning  'math' is not defined                               no-undef
  1422:34   warning  'math' is not defined                               no-undef
  1422:48   warning  'math' is not defined                               no-undef
  1423:8    warning  'd1' is already defined                             no-redeclare
  1423:11   warning  'math' is not defined                               no-undef
  1423:23   warning  'math' is not defined                               no-undef
  1423:34   warning  'math' is not defined                               no-undef
  1423:48   warning  'math' is not defined                               no-undef
  1423:57   warning  'math' is not defined                               no-undef
  1423:81   warning  'math' is not defined                               no-undef
  1424:8    warning  'd2' is already defined                             no-redeclare
  1427:1    warning  Mixed spaces and tabs                               no-mixed-spaces-and-tabs
  1431:1    warning  Mixed spaces and tabs                               no-mixed-spaces-and-tabs
  1451:1    warning  Mixed spaces and tabs                               no-mixed-spaces-and-tabs
  1453:1    warning  Mixed spaces and tabs                               no-mixed-spaces-and-tabs
  1468:1    warning  Mixed spaces and tabs                               no-mixed-spaces-and-tabs
  1469:1    warning  Mixed spaces and tabs                               no-mixed-spaces-and-tabs
  1470:1    warning  Mixed spaces and tabs                               no-mixed-spaces-and-tabs
  1471:1    warning  Mixed spaces and tabs                               no-mixed-spaces-and-tabs
  1472:1    warning  Mixed spaces and tabs                               no-mixed-spaces-and-tabs
  1473:1    warning  Mixed spaces and tabs                               no-mixed-spaces-and-tabs
  1479:1    warning  Mixed spaces and tabs                               no-mixed-spaces-and-tabs
  1480:1    warning  Mixed spaces and tabs                               no-mixed-spaces-and-tabs
  1481:1    warning  Mixed spaces and tabs                               no-mixed-spaces-and-tabs
  1482:1    warning  Mixed spaces and tabs                               no-mixed-spaces-and-tabs
  1482:14   warning  'b0' is already defined                             no-redeclare
  1483:8    warning  'b1' is already defined                             no-redeclare
  1484:8    warning  'b2' is already defined                             no-redeclare
  1485:17   warning  'a0' is already defined                             no-redeclare
  1486:8    warning  'a1' is already defined                             no-redeclare
  1487:8    warning  'a2' is already defined                             no-redeclare
  1488:1    warning  Mixed spaces and tabs                               no-mixed-spaces-and-tabs
  1488:14   warning  'T' is already defined                              no-redeclare
  1490:11   warning  Mixed spaces and tabs                               no-mixed-spaces-and-tabs
  1491:1    warning  Mixed spaces and tabs                               no-mixed-spaces-and-tabs
  1491:14   warning  'part' is already defined                           no-redeclare
  1491:19   warning  'math' is not defined                               no-undef
  1491:33   warning  'math' is not defined                               no-undef
  1491:48   warning  'math' is not defined                               no-undef
  1495:8    warning  'part1' is already defined                          no-redeclare
  1495:14   warning  'math' is not defined                               no-undef
  1496:8    warning  'num1' is already defined                           no-redeclare
  1496:13   warning  'math' is not defined                               no-undef
  1497:8    warning  'den' is already defined                            no-redeclare
  1497:12   warning  'math' is not defined                               no-undef
  1498:4    warning  'R11' is not defined                                no-undef
  1498:8    warning  'math' is not defined                               no-undef
  1500:4    warning  'R1' is not defined                                 no-undef
  1500:9    warning  'math' is not defined                               no-undef
  1500:22   warning  'math' is not defined                               no-undef
  1500:34   warning  'math' is not defined                               no-undef
  1500:45   warning  'math' is not defined                               no-undef
  1500:59   warning  'R11' is not defined                                no-undef
  1500:79   warning  'math' is not defined                               no-undef
  1500:91   warning  'math' is not defined                               no-undef
  1500:102  warning  'math' is not defined                               no-undef
  1500:116  warning  'R11' is not defined                                no-undef
  1502:16   warning  'R1' is not defined                                 no-undef
  1503:16   warning  'R1' is not defined                                 no-undef
  1504:16   warning  'R1' is not defined                                 no-undef
  1506:8    warning  'num2' is already defined                           no-redeclare
  1506:13   warning  'math' is not defined                               no-undef
  1508:4    warning  'R2' is not defined                                 no-undef
  1508:7    warning  'math' is not defined                               no-undef
  1508:20   warning  'R1' is not defined                                 no-undef
  1508:27   warning  'R1' is not defined                                 no-undef
  1510:16   warning  'R2' is not defined                                 no-undef
  1512:8    warning  'e0' is already defined                             no-redeclare
  1512:11   warning  'math' is not defined                               no-undef
  1512:28   warning  'math' is not defined                               no-undef
  1512:45   warning  'math' is not defined                               no-undef
  1513:8    warning  'e1' is already defined                             no-redeclare
  1513:11   warning  'math' is not defined                               no-undef
  1513:28   warning  'math' is not defined                               no-undef
  1513:45   warning  'math' is not defined                               no-undef
  1514:8    warning  'A1' is already defined                             no-redeclare
  1514:11   warning  'math' is not defined                               no-undef
  1514:23   warning  'math' is not defined                               no-undef
  1514:32   warning  'math' is not defined                               no-undef
  1514:49   warning  'R1' is not defined                                 no-undef
  1514:57   warning  'math' is not defined                               no-undef
  1514:71   warning  'R1' is not defined                                 no-undef
  1514:74   warning  'R2' is not defined                                 no-undef
  1515:8    warning  'A2' is already defined                             no-redeclare
  1515:11   warning  'math' is not defined                               no-undef
  1515:23   warning  'math' is not defined                               no-undef
  1515:32   warning  'math' is not defined                               no-undef
  1515:49   warning  'R2' is not defined                                 no-undef
  1515:57   warning  'math' is not defined                               no-undef
  1515:71   warning  'R2' is not defined                                 no-undef
  1515:74   warning  'R1' is not defined                                 no-undef
  1517:6    warning  'TA1' is already defined                            no-redeclare
  1517:10   warning  'math' is not defined                               no-undef
  1517:22   warning  'math' is not defined                               no-undef
  1517:33   warning  'math' is not defined                               no-undef
  1517:47   warning  'math' is not defined                               no-undef
  1518:6    warning  'TA2' is already defined                            no-redeclare
  1518:10   warning  'math' is not defined                               no-undef
  1518:22   warning  'math' is not defined                               no-undef
  1518:33   warning  'math' is not defined                               no-undef
  1518:47   warning  'math' is not defined                               no-undef
  1519:6    warning  'eTp1' is already defined                           no-redeclare
  1519:11   warning  'math' is not defined                               no-undef
  1519:23   warning  'math' is not defined                               no-undef
  1519:34   warning  'math' is not defined                               no-undef
  1519:48   warning  'math' is not defined                               no-undef
  1519:57   warning  'math' is not defined                               no-undef
  1519:73   warning  'R1' is not defined                                 no-undef
  1520:6    warning  'eTp2' is already defined                           no-redeclare
  1520:11   warning  'math' is not defined                               no-undef
  1520:23   warning  'math' is not defined                               no-undef
  1520:34   warning  'math' is not defined                               no-undef
  1520:48   warning  'math' is not defined                               no-undef
  1520:57   warning  'math' is not defined                               no-undef
  1520:73   warning  'R2' is not defined                                 no-undef
  1521:6    warning  'c1' is already defined                             no-redeclare
  1521:9    warning  'math' is not defined                               no-undef
  1521:21   warning  'math' is not defined                               no-undef
  1521:32   warning  'math' is not defined                               no-undef
  1521:46   warning  'math' is not defined                               no-undef
  1522:6    warning  'c2' is already defined                             no-redeclare
  1522:9    warning  'math' is not defined                               no-undef
  1522:21   warning  'math' is not defined                               no-undef
  1522:32   warning  'math' is not defined                               no-undef
  1522:46   warning  'math' is not defined                               no-undef
  1523:6    warning  'd0' is already defined                             no-redeclare
  1523:9    warning  'math' is not defined                               no-undef
  1523:21   warning  'math' is not defined                               no-undef
  1523:32   warning  'math' is not defined                               no-undef
  1523:46   warning  'math' is not defined                               no-undef
  1524:6    warning  'd1' is already defined                             no-redeclare
  1524:9    warning  'math' is not defined                               no-undef
  1524:21   warning  'math' is not defined                               no-undef
  1524:32   warning  'math' is not defined                               no-undef
  1524:46   warning  'math' is not defined                               no-undef
  1524:55   warning  'math' is not defined                               no-undef
  1524:79   warning  'math' is not defined                               no-undef
  1525:6    warning  'd2' is already defined                             no-redeclare
  1528:1    warning  Mixed spaces and tabs                               no-mixed-spaces-and-tabs
  1532:1    warning  Mixed spaces and tabs                               no-mixed-spaces-and-tabs
  1552:1    warning  Mixed spaces and tabs                               no-mixed-spaces-and-tabs
  1554:1    warning  Mixed spaces and tabs                               no-mixed-spaces-and-tabs
  1565:8    warning  'part1' is already defined                          no-redeclare
  1565:14   warning  'math' is not defined                               no-undef
  1566:8    warning  'num1' is already defined                           no-redeclare
  1566:13   warning  'math' is not defined                               no-undef
  1567:8    warning  'num2' is already defined                           no-redeclare
  1567:13   warning  'math' is not defined                               no-undef
  1568:8    warning  'den' is already defined                            no-redeclare
  1568:12   warning  'math' is not defined                               no-undef
  1569:4    warning  'R1' is not defined                                 no-undef
  1569:7    warning  'math' is not defined                               no-undef
  1570:4    warning  'R2' is not defined                                 no-undef
  1570:7    warning  'math' is not defined                               no-undef
  1572:8    warning  'R1' is not defined                                 no-undef
  1572:12   warning  'R2' is not defined                                 no-undef
  1574:8    warning  'd' is already defined                              no-redeclare
  1574:12   warning  'R1' is not defined                                 no-undef
  1576:8    warning  'e0' is already defined                             no-redeclare
  1576:11   warning  'math' is not defined                               no-undef
  1576:23   warning  'math' is not defined                               no-undef
  1577:8    warning  'e1' is already defined                             no-redeclare
  1577:11   warning  'math' is not defined                               no-undef
  1577:28   warning  'math' is not defined                               no-undef
  1579:8    warning  'A1' is already defined                             no-redeclare
  1579:11   warning  'math' is not defined                               no-undef
  1579:23   warning  'math' is not defined                               no-undef
  1580:8    warning  'A2' is already defined                             no-redeclare
  1580:11   warning  'math' is not defined                               no-undef
  1580:23   warning  'math' is not defined                               no-undef
  1580:43   warning  'math' is not defined                               no-undef
  1582:8    warning  'b0a0' is already defined                           no-redeclare
  1582:15   warning  'math' is not defined                               no-undef
  1582:27   warning  'math' is not defined                               no-undef
  1582:38   warning  'math' is not defined                               no-undef
  1582:52   warning  'math' is not defined                               no-undef
  1584:8    warning  'Tb0a0' is already defined                          no-redeclare
  1584:16   warning  'math' is not defined                               no-undef
  1584:28   warning  'math' is not defined                               no-undef
  1584:39   warning  'math' is not defined                               no-undef
  1584:53   warning  'math' is not defined                               no-undef
  1587:8    warning  'TA1' is already defined                            no-redeclare
  1587:12   warning  'math' is not defined                               no-undef
  1587:24   warning  'math' is not defined                               no-undef
  1587:35   warning  'math' is not defined                               no-undef
  1587:49   warning  'math' is not defined                               no-undef
  1588:8    warning  'TA2' is already defined                            no-redeclare
  1588:12   warning  'math' is not defined                               no-undef
  1588:24   warning  'math' is not defined                               no-undef
  1588:35   warning  'math' is not defined                               no-undef
  1588:49   warning  'math' is not defined                               no-undef
  1589:8    warning  'eTp1' is already defined                           no-redeclare
  1589:13   warning  'math' is not defined                               no-undef
  1589:25   warning  'math' is not defined                               no-undef
  1589:36   warning  'math' is not defined                               no-undef
  1589:50   warning  'math' is not defined                               no-undef
  1589:59   warning  'math' is not defined                               no-undef
  1589:75   warning  'R1' is not defined                                 no-undef
  1590:8    warning  'eTp2' is already defined                           no-redeclare
  1590:13   warning  'math' is not defined                               no-undef
  1590:25   warning  'math' is not defined                               no-undef
  1590:36   warning  'math' is not defined                               no-undef
  1590:50   warning  'math' is not defined                               no-undef
  1590:59   warning  'math' is not defined                               no-undef
  1590:75   warning  'R2' is not defined                                 no-undef
  1592:8    warning  'c1' is already defined                             no-redeclare
  1592:11   warning  'math' is not defined                               no-undef
  1592:23   warning  'math' is not defined                               no-undef
  1592:34   warning  'math' is not defined                               no-undef
  1592:48   warning  'math' is not defined                               no-undef
  1593:8    warning  'c2' is already defined                             no-redeclare
  1593:11   warning  'math' is not defined                               no-undef
  1593:23   warning  'math' is not defined                               no-undef
  1593:34   warning  'math' is not defined                               no-undef
  1593:48   warning  'math' is not defined                               no-undef
  1595:8    warning  'd0' is already defined                             no-redeclare
  1595:11   warning  'math' is not defined                               no-undef
  1595:23   warning  'math' is not defined                               no-undef
  1595:34   warning  'math' is not defined                               no-undef
  1595:48   warning  'math' is not defined                               no-undef
  1596:8    warning  'd1' is already defined                             no-redeclare
  1596:11   warning  'math' is not defined                               no-undef
  1596:23   warning  'math' is not defined                               no-undef
  1596:34   warning  'math' is not defined                               no-undef
  1596:48   warning  'math' is not defined                               no-undef
  1596:57   warning  'math' is not defined                               no-undef
  1596:86   warning  'math' is not defined                               no-undef
  1596:110  warning  'math' is not defined                               no-undef
  1601:8    warning  'd2' is already defined                             no-redeclare
  1604:1    warning  Mixed spaces and tabs                               no-mixed-spaces-and-tabs
  1611:1    warning  Mixed spaces and tabs                               no-mixed-spaces-and-tabs
  1631:1    warning  Mixed spaces and tabs                               no-mixed-spaces-and-tabs
  1633:1    warning  Mixed spaces and tabs                               no-mixed-spaces-and-tabs
  1640:8    warning  'e0' is already defined                             no-redeclare
  1640:11   warning  'math' is not defined                               no-undef
  1640:28   warning  'math' is not defined                               no-undef
  1640:45   warning  'math' is not defined                               no-undef
  1641:8    warning  'e1' is already defined                             no-redeclare
  1641:11   warning  'math' is not defined                               no-undef
  1641:28   warning  'math' is not defined                               no-undef
  1641:45   warning  'math' is not defined                               no-undef
  1642:8    warning  'A1' is already defined                             no-redeclare
  1642:11   warning  'math' is not defined                               no-undef
  1642:23   warning  'math' is not defined                               no-undef
  1642:32   warning  'math' is not defined                               no-undef
  1642:49   warning  'R1' is not defined                                 no-undef
  1642:57   warning  'math' is not defined                               no-undef
  1642:71   warning  'R1' is not defined                                 no-undef
  1642:74   warning  'R2' is not defined                                 no-undef
  1643:8    warning  'A2' is already defined                             no-redeclare
  1643:11   warning  'math' is not defined                               no-undef
  1643:23   warning  'math' is not defined                               no-undef
  1643:32   warning  'math' is not defined                               no-undef
  1643:49   warning  'R2' is not defined                                 no-undef
  1643:57   warning  'math' is not defined                               no-undef
  1643:71   warning  'R2' is not defined                                 no-undef
  1643:74   warning  'R1' is not defined                                 no-undef
  1645:8    warning  'TA1' is already defined                            no-redeclare
  1645:12   warning  'math' is not defined                               no-undef
  1645:24   warning  'math' is not defined                               no-undef
  1645:35   warning  'math' is not defined                               no-undef
  1645:49   warning  'math' is not defined                               no-undef
  1646:8    warning  'TA2' is already defined                            no-redeclare
  1646:12   warning  'math' is not defined                               no-undef
  1646:24   warning  'math' is not defined                               no-undef
  1646:35   warning  'math' is not defined                               no-undef
  1646:49   warning  'math' is not defined                               no-undef
  1647:8    warning  'eTp1' is already defined                           no-redeclare
  1647:13   warning  'math' is not defined                               no-undef
  1647:25   warning  'math' is not defined                               no-undef
  1647:36   warning  'math' is not defined                               no-undef
  1647:50   warning  'math' is not defined                               no-undef
  1647:59   warning  'math' is not defined                               no-undef
  1647:75   warning  'R1' is not defined                                 no-undef
  1648:8    warning  'eTp2' is already defined                           no-redeclare
  1648:13   warning  'math' is not defined                               no-undef
  1648:25   warning  'math' is not defined                               no-undef
  1648:36   warning  'math' is not defined                               no-undef
  1648:50   warning  'math' is not defined                               no-undef
  1648:59   warning  'math' is not defined                               no-undef
  1648:75   warning  'R2' is not defined                                 no-undef
  1649:8    warning  'c1' is already defined                             no-redeclare
  1649:11   warning  'math' is not defined                               no-undef
  1649:23   warning  'math' is not defined                               no-undef
  1649:34   warning  'math' is not defined                               no-undef
  1649:48   warning  'math' is not defined                               no-undef
  1650:8    warning  'c2' is already defined                             no-redeclare
  1650:11   warning  'math' is not defined                               no-undef
  1650:23   warning  'math' is not defined                               no-undef
  1650:34   warning  'math' is not defined                               no-undef
  1650:48   warning  'math' is not defined                               no-undef
  1651:8    warning  'd0' is already defined                             no-redeclare
  1651:11   warning  'math' is not defined                               no-undef
  1651:23   warning  'math' is not defined                               no-undef
  1651:34   warning  'math' is not defined                               no-undef
  1651:48   warning  'math' is not defined                               no-undef
  1652:8    warning  'd1' is already defined                             no-redeclare
  1652:11   warning  'math' is not defined                               no-undef
  1652:23   warning  'math' is not defined                               no-undef
  1652:34   warning  'math' is not defined                               no-undef
  1652:48   warning  'math' is not defined                               no-undef
  1652:57   warning  'math' is not defined                               no-undef
  1652:81   warning  'math' is not defined                               no-undef
  1653:8    warning  'd2' is already defined                             no-redeclare
  1656:1    warning  Mixed spaces and tabs                               no-mixed-spaces-and-tabs
  1660:1    warning  Mixed spaces and tabs                               no-mixed-spaces-and-tabs
  1680:1    warning  Mixed spaces and tabs                               no-mixed-spaces-and-tabs
  1682:1    warning  Mixed spaces and tabs                               no-mixed-spaces-and-tabs
  1687:4    warning  'outputText4' is assigned a value but never used    no-unused-vars
  1688:4    warning  'outputText4_1' is assigned a value but never used  no-unused-vars
  1984:6    warning  'outputText5' is defined but never used             no-unused-vars
  1985:6    warning  'outputText5_1' is defined but never used           no-unused-vars
  2029:2    warning  Mixed spaces and tabs                               no-mixed-spaces-and-tabs
  2030:1    warning  Mixed spaces and tabs                               no-mixed-spaces-and-tabs
  2031:1    warning  Mixed spaces and tabs                               no-mixed-spaces-and-tabs
  2032:1    warning  Mixed spaces and tabs                               no-mixed-spaces-and-tabs
  2033:1    warning  Mixed spaces and tabs                               no-mixed-spaces-and-tabs
  2034:1    warning  Mixed spaces and tabs                               no-mixed-spaces-and-tabs
  2035:1    warning  Mixed spaces and tabs                               no-mixed-spaces-and-tabs
  2036:1    warning  Mixed spaces and tabs                               no-mixed-spaces-and-tabs
  2037:1    warning  Mixed spaces and tabs                               no-mixed-spaces-and-tabs
  2038:1    warning  Mixed spaces and tabs                               no-mixed-spaces-and-tabs
  2039:1    warning  Mixed spaces and tabs                               no-mixed-spaces-and-tabs
  2040:1    warning  Mixed spaces and tabs                               no-mixed-spaces-and-tabs
  2041:1    warning  Mixed spaces and tabs                               no-mixed-spaces-and-tabs
  2047:1    warning  Mixed spaces and tabs                               no-mixed-spaces-and-tabs
  2049:11   warning  Mixed spaces and tabs                               no-mixed-spaces-and-tabs
  2050:1    warning  Mixed spaces and tabs                               no-mixed-spaces-and-tabs
  2052:13   warning  'math' is not defined                               no-undef
  2052:27   warning  'math' is not defined                               no-undef
  2052:42   warning  'math' is not defined                               no-undef
  2056:14   warning  'math' is not defined                               no-undef
  2057:13   warning  'math' is not defined                               no-undef
  2058:12   warning  'math' is not defined                               no-undef
  2059:4    warning  'R11' is not defined                                no-undef
  2059:8    warning  'math' is not defined                               no-undef
  2061:4    warning  'R1' is not defined                                 no-undef
  2061:9    warning  'math' is not defined                               no-undef
  2061:22   warning  'math' is not defined                               no-undef
  2061:34   warning  'math' is not defined                               no-undef
  2061:45   warning  'math' is not defined                               no-undef
  2061:59   warning  'R11' is not defined                                no-undef
  2061:79   warning  'math' is not defined                               no-undef
  2061:91   warning  'math' is not defined                               no-undef
  2061:102  warning  'math' is not defined                               no-undef
  2061:116  warning  'R11' is not defined                                no-undef
  2063:16   warning  'R1' is not defined                                 no-undef
  2064:16   warning  'R1' is not defined                                 no-undef
  2065:16   warning  'R1' is not defined                                 no-undef
  2067:13   warning  'math' is not defined                               no-undef
  2069:4    warning  'R2' is not defined                                 no-undef
  2069:7    warning  'math' is not defined                               no-undef
  2069:20   warning  'R1' is not defined                                 no-undef
  2069:27   warning  'R1' is not defined                                 no-undef
  2071:16   warning  'R2' is not defined                                 no-undef
  2073:11   warning  'math' is not defined                               no-undef
  2073:28   warning  'math' is not defined                               no-undef
  2073:45   warning  'math' is not defined                               no-undef
  2074:11   warning  'math' is not defined                               no-undef
  2074:28   warning  'math' is not defined                               no-undef
  2074:45   warning  'math' is not defined                               no-undef
  2075:11   warning  'math' is not defined                               no-undef
  2075:23   warning  'math' is not defined                               no-undef
  2075:32   warning  'math' is not defined                               no-undef
  2075:49   warning  'R1' is not defined                                 no-undef
  2075:57   warning  'math' is not defined                               no-undef
  2075:71   warning  'R1' is not defined                                 no-undef
  2075:74   warning  'R2' is not defined                                 no-undef
  2076:11   warning  'math' is not defined                               no-undef
  2076:23   warning  'math' is not defined                               no-undef
  2076:32   warning  'math' is not defined                               no-undef
  2076:49   warning  'R2' is not defined                                 no-undef
  2076:57   warning  'math' is not defined                               no-undef
  2076:71   warning  'R2' is not defined                                 no-undef
  2076:74   warning  'R1' is not defined                                 no-undef
  2078:10   warning  'math' is not defined                               no-undef
  2078:22   warning  'math' is not defined                               no-undef
  2078:33   warning  'math' is not defined                               no-undef
  2078:47   warning  'math' is not defined                               no-undef
  2079:10   warning  'math' is not defined                               no-undef
  2079:22   warning  'math' is not defined                               no-undef
  2079:33   warning  'math' is not defined                               no-undef
  2079:47   warning  'math' is not defined                               no-undef
  2080:11   warning  'math' is not defined                               no-undef
  2080:23   warning  'math' is not defined                               no-undef
  2080:34   warning  'math' is not defined                               no-undef
  2080:48   warning  'math' is not defined                               no-undef
  2080:57   warning  'math' is not defined                               no-undef
  2080:73   warning  'R1' is not defined                                 no-undef
  2081:11   warning  'math' is not defined                               no-undef
  2081:23   warning  'math' is not defined                               no-undef
  2081:34   warning  'math' is not defined                               no-undef
  2081:48   warning  'math' is not defined                               no-undef
  2081:57   warning  'math' is not defined                               no-undef
  2081:73   warning  'R2' is not defined                                 no-undef
  2082:9    warning  'math' is not defined                               no-undef
  2082:21   warning  'math' is not defined                               no-undef
  2082:32   warning  'math' is not defined                               no-undef
  2082:46   warning  'math' is not defined                               no-undef
  2083:9    warning  'math' is not defined                               no-undef
  2083:21   warning  'math' is not defined                               no-undef
  2083:32   warning  'math' is not defined                               no-undef
  2083:46   warning  'math' is not defined                               no-undef
  2084:9    warning  'math' is not defined                               no-undef
  2084:21   warning  'math' is not defined                               no-undef
  2084:32   warning  'math' is not defined                               no-undef
  2084:46   warning  'math' is not defined                               no-undef
  2085:9    warning  'math' is not defined                               no-undef
  2085:21   warning  'math' is not defined                               no-undef
  2085:32   warning  'math' is not defined                               no-undef
  2085:46   warning  'math' is not defined                               no-undef
  2085:55   warning  'math' is not defined                               no-undef
  2085:79   warning  'math' is not defined                               no-undef
  2089:1    warning  Mixed spaces and tabs                               no-mixed-spaces-and-tabs
  2093:1    warning  Mixed spaces and tabs                               no-mixed-spaces-and-tabs
  2113:1    warning  Mixed spaces and tabs                               no-mixed-spaces-and-tabs
  2115:1    warning  Mixed spaces and tabs                               no-mixed-spaces-and-tabs
  2127:8    warning  'part1' is already defined                          no-redeclare
  2127:14   warning  'math' is not defined                               no-undef
  2128:8    warning  'num1' is already defined                           no-redeclare
  2128:13   warning  'math' is not defined                               no-undef
  2129:8    warning  'num2' is already defined                           no-redeclare
  2129:13   warning  'math' is not defined                               no-undef
  2130:8    warning  'den' is already defined                            no-redeclare
  2130:12   warning  'math' is not defined                               no-undef
  2131:4    warning  'R1' is not defined                                 no-undef
  2131:7    warning  'math' is not defined                               no-undef
  2132:4    warning  'R2' is not defined                                 no-undef
  2132:7    warning  'math' is not defined                               no-undef
  2134:8    warning  'R1' is not defined                                 no-undef
  2134:12   warning  'R2' is not defined                                 no-undef
  2136:12   warning  'R1' is not defined                                 no-undef
  2138:8    warning  'e0' is already defined                             no-redeclare
  2138:11   warning  'math' is not defined                               no-undef
  2138:23   warning  'math' is not defined                               no-undef
  2139:8    warning  'e1' is already defined                             no-redeclare
  2139:11   warning  'math' is not defined                               no-undef
  2139:28   warning  'math' is not defined                               no-undef
  2141:8    warning  'A1' is already defined                             no-redeclare
  2141:11   warning  'math' is not defined                               no-undef
  2141:23   warning  'math' is not defined                               no-undef
  2142:8    warning  'A2' is already defined                             no-redeclare
  2142:11   warning  'math' is not defined                               no-undef
  2142:23   warning  'math' is not defined                               no-undef
  2142:43   warning  'math' is not defined                               no-undef
  2144:15   warning  'math' is not defined                               no-undef
  2144:27   warning  'math' is not defined                               no-undef
  2144:38   warning  'math' is not defined                               no-undef
  2144:52   warning  'math' is not defined                               no-undef
  2146:16   warning  'math' is not defined                               no-undef
  2146:28   warning  'math' is not defined                               no-undef
  2146:39   warning  'math' is not defined                               no-undef
  2146:53   warning  'math' is not defined                               no-undef
  2149:8    warning  'TA1' is already defined                            no-redeclare
  2149:12   warning  'math' is not defined                               no-undef
  2149:24   warning  'math' is not defined                               no-undef
  2149:35   warning  'math' is not defined                               no-undef
  2149:49   warning  'math' is not defined                               no-undef
  2150:8    warning  'TA2' is already defined                            no-redeclare
  2150:12   warning  'math' is not defined                               no-undef
  2150:24   warning  'math' is not defined                               no-undef
  2150:35   warning  'math' is not defined                               no-undef
  2150:49   warning  'math' is not defined                               no-undef
  2151:8    warning  'eTp1' is already defined                           no-redeclare
  2151:13   warning  'math' is not defined                               no-undef
  2151:25   warning  'math' is not defined                               no-undef
  2151:36   warning  'math' is not defined                               no-undef
  2151:50   warning  'math' is not defined                               no-undef
  2151:59   warning  'math' is not defined                               no-undef
  2151:75   warning  'R1' is not defined                                 no-undef
  2152:8    warning  'eTp2' is already defined                           no-redeclare
  2152:13   warning  'math' is not defined                               no-undef
  2152:25   warning  'math' is not defined                               no-undef
  2152:36   warning  'math' is not defined                               no-undef
  2152:50   warning  'math' is not defined                               no-undef
  2152:59   warning  'math' is not defined                               no-undef
  2152:75   warning  'R2' is not defined                                 no-undef
  2154:8    warning  'c1' is already defined                             no-redeclare
  2154:11   warning  'math' is not defined                               no-undef
  2154:23   warning  'math' is not defined                               no-undef
  2154:34   warning  'math' is not defined                               no-undef
  2154:48   warning  'math' is not defined                               no-undef
  2155:8    warning  'c2' is already defined                             no-redeclare
  2155:11   warning  'math' is not defined                               no-undef
  2155:23   warning  'math' is not defined                               no-undef
  2155:34   warning  'math' is not defined                               no-undef
  2155:48   warning  'math' is not defined                               no-undef
  2157:8    warning  'd0' is already defined                             no-redeclare
  2157:11   warning  'math' is not defined                               no-undef
  2157:23   warning  'math' is not defined                               no-undef
  2157:34   warning  'math' is not defined                               no-undef
  2157:48   warning  'math' is not defined                               no-undef
  2158:8    warning  'd1' is already defined                             no-redeclare
  2158:11   warning  'math' is not defined                               no-undef
  2158:23   warning  'math' is not defined                               no-undef
  2158:34   warning  'math' is not defined                               no-undef
  2158:48   warning  'math' is not defined                               no-undef
  2158:57   warning  'math' is not defined                               no-undef
  2158:86   warning  'math' is not defined                               no-undef
  2158:110  warning  'math' is not defined                               no-undef
  2163:8    warning  'd2' is already defined                             no-redeclare
  2166:1    warning  Mixed spaces and tabs                               no-mixed-spaces-and-tabs
  2173:1    warning  Mixed spaces and tabs                               no-mixed-spaces-and-tabs
  2193:1    warning  Mixed spaces and tabs                               no-mixed-spaces-and-tabs
  2195:1    warning  Mixed spaces and tabs                               no-mixed-spaces-and-tabs
  2202:8    warning  'e0' is already defined                             no-redeclare
  2202:11   warning  'math' is not defined                               no-undef
  2202:28   warning  'math' is not defined                               no-undef
  2202:45   warning  'math' is not defined                               no-undef
  2203:8    warning  'e1' is already defined                             no-redeclare
  2203:11   warning  'math' is not defined                               no-undef
  2203:28   warning  'math' is not defined                               no-undef
  2203:45   warning  'math' is not defined                               no-undef
  2204:8    warning  'A1' is already defined                             no-redeclare
  2204:11   warning  'math' is not defined                               no-undef
  2204:23   warning  'math' is not defined                               no-undef
  2204:32   warning  'math' is not defined                               no-undef
  2204:49   warning  'R1' is not defined                                 no-undef
  2204:57   warning  'math' is not defined                               no-undef
  2204:71   warning  'R1' is not defined                                 no-undef
  2204:74   warning  'R2' is not defined                                 no-undef
  2205:8    warning  'A2' is already defined                             no-redeclare
  2205:11   warning  'math' is not defined                               no-undef
  2205:23   warning  'math' is not defined                               no-undef
  2205:32   warning  'math' is not defined                               no-undef
  2205:49   warning  'R2' is not defined                                 no-undef
  2205:57   warning  'math' is not defined                               no-undef
  2205:71   warning  'R2' is not defined                                 no-undef
  2205:74   warning  'R1' is not defined                                 no-undef
  2207:8    warning  'TA1' is already defined                            no-redeclare
  2207:12   warning  'math' is not defined                               no-undef
  2207:24   warning  'math' is not defined                               no-undef
  2207:35   warning  'math' is not defined                               no-undef
  2207:49   warning  'math' is not defined                               no-undef
  2208:8    warning  'TA2' is already defined                            no-redeclare
  2208:12   warning  'math' is not defined                               no-undef
  2208:24   warning  'math' is not defined                               no-undef
  2208:35   warning  'math' is not defined                               no-undef
  2208:49   warning  'math' is not defined                               no-undef
  2209:8    warning  'eTp1' is already defined                           no-redeclare
  2209:13   warning  'math' is not defined                               no-undef
  2209:25   warning  'math' is not defined                               no-undef
  2209:36   warning  'math' is not defined                               no-undef
  2209:50   warning  'math' is not defined                               no-undef
  2209:59   warning  'math' is not defined                               no-undef
  2209:75   warning  'R1' is not defined                                 no-undef
  2210:8    warning  'eTp2' is already defined                           no-redeclare
  2210:13   warning  'math' is not defined                               no-undef
  2210:25   warning  'math' is not defined                               no-undef
  2210:36   warning  'math' is not defined                               no-undef
  2210:50   warning  'math' is not defined                               no-undef
  2210:59   warning  'math' is not defined                               no-undef
  2210:75   warning  'R2' is not defined                                 no-undef
  2211:8    warning  'c1' is already defined                             no-redeclare
  2211:11   warning  'math' is not defined                               no-undef
  2211:23   warning  'math' is not defined                               no-undef
  2211:34   warning  'math' is not defined                               no-undef
  2211:48   warning  'math' is not defined                               no-undef
  2212:8    warning  'c2' is already defined                             no-redeclare
  2212:11   warning  'math' is not defined                               no-undef
  2212:23   warning  'math' is not defined                               no-undef
  2212:34   warning  'math' is not defined                               no-undef
  2212:48   warning  'math' is not defined                               no-undef
  2213:8    warning  'd0' is already defined                             no-redeclare
  2213:11   warning  'math' is not defined                               no-undef
  2213:23   warning  'math' is not defined                               no-undef
  2213:34   warning  'math' is not defined                               no-undef
  2213:48   warning  'math' is not defined                               no-undef
  2214:8    warning  'd1' is already defined                             no-redeclare
  2214:11   warning  'math' is not defined                               no-undef
  2214:23   warning  'math' is not defined                               no-undef
  2214:34   warning  'math' is not defined                               no-undef
  2214:48   warning  'math' is not defined                               no-undef
  2214:57   warning  'math' is not defined                               no-undef
  2214:81   warning  'math' is not defined                               no-undef
  2215:8    warning  'd2' is already defined                             no-redeclare
  2218:1    warning  Mixed spaces and tabs                               no-mixed-spaces-and-tabs
  2222:1    warning  Mixed spaces and tabs                               no-mixed-spaces-and-tabs
  2242:1    warning  Mixed spaces and tabs                               no-mixed-spaces-and-tabs
  2244:1    warning  Mixed spaces and tabs                               no-mixed-spaces-and-tabs
  2258:2    warning  Mixed spaces and tabs                               no-mixed-spaces-and-tabs
  2259:1    warning  Mixed spaces and tabs                               no-mixed-spaces-and-tabs
  2260:1    warning  Mixed spaces and tabs                               no-mixed-spaces-and-tabs
  2261:1    warning  Mixed spaces and tabs                               no-mixed-spaces-and-tabs
  2262:1    warning  Mixed spaces and tabs                               no-mixed-spaces-and-tabs
  2263:1    warning  Mixed spaces and tabs                               no-mixed-spaces-and-tabs
  2264:1    warning  Mixed spaces and tabs                               no-mixed-spaces-and-tabs
  2266:1    warning  Mixed spaces and tabs                               no-mixed-spaces-and-tabs
  2267:1    warning  Mixed spaces and tabs                               no-mixed-spaces-and-tabs
  2268:1    warning  Mixed spaces and tabs                               no-mixed-spaces-and-tabs
  2269:1    warning  Mixed spaces and tabs                               no-mixed-spaces-and-tabs
  2270:1    warning  Mixed spaces and tabs                               no-mixed-spaces-and-tabs
  2271:1    warning  Mixed spaces and tabs                               no-mixed-spaces-and-tabs
  2271:14   warning  'b0' is already defined                             no-redeclare
  2272:8    warning  'b1' is already defined                             no-redeclare
  2273:8    warning  'b2' is already defined                             no-redeclare
  2274:17   warning  'a0' is already defined                             no-redeclare
  2275:8    warning  'a1' is already defined                             no-redeclare
  2276:8    warning  'a2' is already defined                             no-redeclare
  2277:1    warning  Mixed spaces and tabs                               no-mixed-spaces-and-tabs
  2277:14   warning  'T' is already defined                              no-redeclare
  2279:11   warning  Mixed spaces and tabs                               no-mixed-spaces-and-tabs
  2280:1    warning  Mixed spaces and tabs                               no-mixed-spaces-and-tabs
  2282:8    warning  'part' is already defined                           no-redeclare
  2282:13   warning  'math' is not defined                               no-undef
  2282:27   warning  'math' is not defined                               no-undef
  2282:42   warning  'math' is not defined                               no-undef
  2286:8    warning  'part1' is already defined                          no-redeclare
  2286:14   warning  'math' is not defined                               no-undef
  2287:8    warning  'num1' is already defined                           no-redeclare
  2287:13   warning  'math' is not defined                               no-undef
  2288:8    warning  'den' is already defined                            no-redeclare
  2288:12   warning  'math' is not defined                               no-undef
  2289:4    warning  'R11' is not defined                                no-undef
  2289:8    warning  'math' is not defined                               no-undef
  2291:4    warning  'R1' is not defined                                 no-undef
  2291:9    warning  'math' is not defined                               no-undef
  2291:22   warning  'math' is not defined                               no-undef
  2291:34   warning  'math' is not defined                               no-undef
  2291:45   warning  'math' is not defined                               no-undef
  2291:59   warning  'R11' is not defined                                no-undef
  2291:79   warning  'math' is not defined                               no-undef
  2291:91   warning  'math' is not defined                               no-undef
  2291:102  warning  'math' is not defined                               no-undef
  2291:116  warning  'R11' is not defined                                no-undef
  2293:16   warning  'R1' is not defined                                 no-undef
  2294:16   warning  'R1' is not defined                                 no-undef
  2295:16   warning  'R1' is not defined                                 no-undef
  2297:8    warning  'num2' is already defined                           no-redeclare
  2297:13   warning  'math' is not defined                               no-undef
  2299:4    warning  'R2' is not defined                                 no-undef
  2299:7    warning  'math' is not defined                               no-undef
  2299:20   warning  'R1' is not defined                                 no-undef
  2299:27   warning  'R1' is not defined                                 no-undef
  2301:16   warning  'R2' is not defined                                 no-undef
  2303:8    warning  'e0' is already defined                             no-redeclare
  2303:11   warning  'math' is not defined                               no-undef
  2303:28   warning  'math' is not defined                               no-undef
  2303:45   warning  'math' is not defined                               no-undef
  2304:8    warning  'e1' is already defined                             no-redeclare
  2304:11   warning  'math' is not defined                               no-undef
  2304:28   warning  'math' is not defined                               no-undef
  2304:45   warning  'math' is not defined                               no-undef
  2305:8    warning  'A1' is already defined                             no-redeclare
  2305:11   warning  'math' is not defined                               no-undef
  2305:23   warning  'math' is not defined                               no-undef
  2305:32   warning  'math' is not defined                               no-undef
  2305:49   warning  'R1' is not defined                                 no-undef
  2305:57   warning  'math' is not defined                               no-undef
  2305:71   warning  'R1' is not defined                                 no-undef
  2305:74   warning  'R2' is not defined                                 no-undef
  2306:8    warning  'A2' is already defined                             no-redeclare
  2306:11   warning  'math' is not defined                               no-undef
  2306:23   warning  'math' is not defined                               no-undef
  2306:32   warning  'math' is not defined                               no-undef
  2306:49   warning  'R2' is not defined                                 no-undef
  2306:57   warning  'math' is not defined                               no-undef
  2306:71   warning  'R2' is not defined                                 no-undef
  2306:74   warning  'R1' is not defined                                 no-undef
  2308:6    warning  'TA1' is already defined                            no-redeclare
  2308:10   warning  'math' is not defined                               no-undef
  2308:22   warning  'math' is not defined                               no-undef
  2308:33   warning  'math' is not defined                               no-undef
  2308:47   warning  'math' is not defined                               no-undef
  2309:6    warning  'TA2' is already defined                            no-redeclare
  2309:10   warning  'math' is not defined                               no-undef
  2309:22   warning  'math' is not defined                               no-undef
  2309:33   warning  'math' is not defined                               no-undef
  2309:47   warning  'math' is not defined                               no-undef
  2310:6    warning  'eTp1' is already defined                           no-redeclare
  2310:11   warning  'math' is not defined                               no-undef
  2310:23   warning  'math' is not defined                               no-undef
  2310:34   warning  'math' is not defined                               no-undef
  2310:48   warning  'math' is not defined                               no-undef
  2310:57   warning  'math' is not defined                               no-undef
  2310:73   warning  'R1' is not defined                                 no-undef
  2311:6    warning  'eTp2' is already defined                           no-redeclare
  2311:11   warning  'math' is not defined                               no-undef
  2311:23   warning  'math' is not defined                               no-undef
  2311:34   warning  'math' is not defined                               no-undef
  2311:48   warning  'math' is not defined                               no-undef
  2311:57   warning  'math' is not defined                               no-undef
  2311:73   warning  'R2' is not defined                                 no-undef
  2312:6    warning  'c1' is already defined                             no-redeclare
  2312:9    warning  'math' is not defined                               no-undef
  2312:21   warning  'math' is not defined                               no-undef
  2312:32   warning  'math' is not defined                               no-undef
  2312:46   warning  'math' is not defined                               no-undef
  2313:6    warning  'c2' is already defined                             no-redeclare
  2313:9    warning  'math' is not defined                               no-undef
  2313:21   warning  'math' is not defined                               no-undef
  2313:32   warning  'math' is not defined                               no-undef
  2313:46   warning  'math' is not defined                               no-undef
  2314:6    warning  'd0' is already defined                             no-redeclare
  2314:9    warning  'math' is not defined                               no-undef
  2314:21   warning  'math' is not defined                               no-undef
  2314:32   warning  'math' is not defined                               no-undef
  2314:46   warning  'math' is not defined                               no-undef
  2315:6    warning  'd1' is already defined                             no-redeclare
  2315:9    warning  'math' is not defined                               no-undef
  2315:21   warning  'math' is not defined                               no-undef
  2315:32   warning  'math' is not defined                               no-undef
  2315:46   warning  'math' is not defined                               no-undef
  2315:55   warning  'math' is not defined                               no-undef
  2315:79   warning  'math' is not defined                               no-undef
  2316:6    warning  'd2' is already defined                             no-redeclare
  2319:1    warning  Mixed spaces and tabs                               no-mixed-spaces-and-tabs
  2323:1    warning  Mixed spaces and tabs                               no-mixed-spaces-and-tabs
  2343:1    warning  Mixed spaces and tabs                               no-mixed-spaces-and-tabs
  2345:1    warning  Mixed spaces and tabs                               no-mixed-spaces-and-tabs
  2357:8    warning  'part1' is already defined                          no-redeclare
  2357:14   warning  'math' is not defined                               no-undef
  2358:8    warning  'num1' is already defined                           no-redeclare
  2358:13   warning  'math' is not defined                               no-undef
  2359:8    warning  'num2' is already defined                           no-redeclare
  2359:13   warning  'math' is not defined                               no-undef
  2360:8    warning  'den' is already defined                            no-redeclare
  2360:12   warning  'math' is not defined                               no-undef
  2361:4    warning  'R1' is not defined                                 no-undef
  2361:7    warning  'math' is not defined                               no-undef
  2362:4    warning  'R2' is not defined                                 no-undef
  2362:7    warning  'math' is not defined                               no-undef
  2364:8    warning  'R1' is not defined                                 no-undef
  2364:12   warning  'R2' is not defined                                 no-undef
  2366:8    warning  'd' is already defined                              no-redeclare
  2366:12   warning  'R1' is not defined                                 no-undef
  2368:8    warning  'e0' is already defined                             no-redeclare
  2368:11   warning  'math' is not defined                               no-undef
  2368:23   warning  'math' is not defined                               no-undef
  2369:8    warning  'e1' is already defined                             no-redeclare
  2369:11   warning  'math' is not defined                               no-undef
  2369:28   warning  'math' is not defined                               no-undef
  2371:8    warning  'A1' is already defined                             no-redeclare
  2371:11   warning  'math' is not defined                               no-undef
  2371:23   warning  'math' is not defined                               no-undef
  2372:8    warning  'A2' is already defined                             no-redeclare
  2372:11   warning  'math' is not defined                               no-undef
  2372:23   warning  'math' is not defined                               no-undef
  2372:43   warning  'math' is not defined                               no-undef
  2374:8    warning  'b0a0' is already defined                           no-redeclare
  2374:15   warning  'math' is not defined                               no-undef
  2374:27   warning  'math' is not defined                               no-undef
  2374:38   warning  'math' is not defined                               no-undef
  2374:52   warning  'math' is not defined                               no-undef
  2376:8    warning  'Tb0a0' is already defined                          no-redeclare
  2376:16   warning  'math' is not defined                               no-undef
  2376:28   warning  'math' is not defined                               no-undef
  2376:39   warning  'math' is not defined                               no-undef
  2376:53   warning  'math' is not defined                               no-undef
  2379:8    warning  'TA1' is already defined                            no-redeclare
  2379:12   warning  'math' is not defined                               no-undef
  2379:24   warning  'math' is not defined                               no-undef
  2379:35   warning  'math' is not defined                               no-undef
  2379:49   warning  'math' is not defined                               no-undef
  2380:8    warning  'TA2' is already defined                            no-redeclare
  2380:12   warning  'math' is not defined                               no-undef
  2380:24   warning  'math' is not defined                               no-undef
  2380:35   warning  'math' is not defined                               no-undef
  2380:49   warning  'math' is not defined                               no-undef
  2381:8    warning  'eTp1' is already defined                           no-redeclare
  2381:13   warning  'math' is not defined                               no-undef
  2381:25   warning  'math' is not defined                               no-undef
  2381:36   warning  'math' is not defined                               no-undef
  2381:50   warning  'math' is not defined                               no-undef
  2381:59   warning  'math' is not defined                               no-undef
  2381:75   warning  'R1' is not defined                                 no-undef
  2382:8    warning  'eTp2' is already defined                           no-redeclare
  2382:13   warning  'math' is not defined                               no-undef
  2382:25   warning  'math' is not defined                               no-undef
  2382:36   warning  'math' is not defined                               no-undef
  2382:50   warning  'math' is not defined                               no-undef
  2382:59   warning  'math' is not defined                               no-undef
  2382:75   warning  'R2' is not defined                                 no-undef
  2384:8    warning  'c1' is already defined                             no-redeclare
  2384:11   warning  'math' is not defined                               no-undef
  2384:23   warning  'math' is not defined                               no-undef
  2384:34   warning  'math' is not defined                               no-undef
  2384:48   warning  'math' is not defined                               no-undef
  2385:8    warning  'c2' is already defined                             no-redeclare
  2385:11   warning  'math' is not defined                               no-undef
  2385:23   warning  'math' is not defined                               no-undef
  2385:34   warning  'math' is not defined                               no-undef
  2385:48   warning  'math' is not defined                               no-undef
  2387:8    warning  'd0' is already defined                             no-redeclare
  2387:11   warning  'math' is not defined                               no-undef
  2387:23   warning  'math' is not defined                               no-undef
  2387:34   warning  'math' is not defined                               no-undef
  2387:48   warning  'math' is not defined                               no-undef
  2388:8    warning  'd1' is already defined                             no-redeclare
  2388:11   warning  'math' is not defined                               no-undef
  2388:23   warning  'math' is not defined                               no-undef
  2388:34   warning  'math' is not defined                               no-undef
  2388:48   warning  'math' is not defined                               no-undef
  2388:57   warning  'math' is not defined                               no-undef
  2388:86   warning  'math' is not defined                               no-undef
  2388:110  warning  'math' is not defined                               no-undef
  2393:8    warning  'd2' is already defined                             no-redeclare
  2396:1    warning  Mixed spaces and tabs                               no-mixed-spaces-and-tabs
  2403:1    warning  Mixed spaces and tabs                               no-mixed-spaces-and-tabs
  2423:1    warning  Mixed spaces and tabs                               no-mixed-spaces-and-tabs
  2425:1    warning  Mixed spaces and tabs                               no-mixed-spaces-and-tabs
  2432:8    warning  'e0' is already defined                             no-redeclare
  2432:11   warning  'math' is not defined                               no-undef
  2432:28   warning  'math' is not defined                               no-undef
  2432:45   warning  'math' is not defined                               no-undef
  2433:8    warning  'e1' is already defined                             no-redeclare
  2433:11   warning  'math' is not defined                               no-undef
  2433:28   warning  'math' is not defined                               no-undef
  2433:45   warning  'math' is not defined                               no-undef
  2434:8    warning  'A1' is already defined                             no-redeclare
  2434:11   warning  'math' is not defined                               no-undef
  2434:23   warning  'math' is not defined                               no-undef
  2434:32   warning  'math' is not defined                               no-undef
  2434:49   warning  'R1' is not defined                                 no-undef
  2434:57   warning  'math' is not defined                               no-undef
  2434:71   warning  'R1' is not defined                                 no-undef
  2434:74   warning  'R2' is not defined                                 no-undef
  2435:8    warning  'A2' is already defined                             no-redeclare
  2435:11   warning  'math' is not defined                               no-undef
  2435:23   warning  'math' is not defined                               no-undef
  2435:32   warning  'math' is not defined                               no-undef
  2435:49   warning  'R2' is not defined                                 no-undef
  2435:57   warning  'math' is not defined                               no-undef
  2435:71   warning  'R2' is not defined                                 no-undef
  2435:74   warning  'R1' is not defined                                 no-undef
  2437:8    warning  'TA1' is already defined                            no-redeclare
  2437:12   warning  'math' is not defined                               no-undef
  2437:24   warning  'math' is not defined                               no-undef
  2437:35   warning  'math' is not defined                               no-undef
  2437:49   warning  'math' is not defined                               no-undef
  2438:8    warning  'TA2' is already defined                            no-redeclare
  2438:12   warning  'math' is not defined                               no-undef
  2438:24   warning  'math' is not defined                               no-undef
  2438:35   warning  'math' is not defined                               no-undef
  2438:49   warning  'math' is not defined                               no-undef
  2439:8    warning  'eTp1' is already defined                           no-redeclare
  2439:13   warning  'math' is not defined                               no-undef
  2439:25   warning  'math' is not defined                               no-undef
  2439:36   warning  'math' is not defined                               no-undef
  2439:50   warning  'math' is not defined                               no-undef
  2439:59   warning  'math' is not defined                               no-undef
  2439:75   warning  'R1' is not defined                                 no-undef
  2440:8    warning  'eTp2' is already defined                           no-redeclare
  2440:13   warning  'math' is not defined                               no-undef
  2440:25   warning  'math' is not defined                               no-undef
  2440:36   warning  'math' is not defined                               no-undef
  2440:50   warning  'math' is not defined                               no-undef
  2440:59   warning  'math' is not defined                               no-undef
  2440:75   warning  'R2' is not defined                                 no-undef
  2441:8    warning  'c1' is already defined                             no-redeclare
  2441:11   warning  'math' is not defined                               no-undef
  2441:23   warning  'math' is not defined                               no-undef
  2441:34   warning  'math' is not defined                               no-undef
  2441:48   warning  'math' is not defined                               no-undef
  2442:8    warning  'c2' is already defined                             no-redeclare
  2442:11   warning  'math' is not defined                               no-undef
  2442:23   warning  'math' is not defined                               no-undef
  2442:34   warning  'math' is not defined                               no-undef
  2442:48   warning  'math' is not defined                               no-undef
  2443:8    warning  'd0' is already defined                             no-redeclare
  2443:11   warning  'math' is not defined                               no-undef
  2443:23   warning  'math' is not defined                               no-undef
  2443:34   warning  'math' is not defined                               no-undef
  2443:48   warning  'math' is not defined                               no-undef
  2444:8    warning  'd1' is already defined                             no-redeclare
  2444:11   warning  'math' is not defined                               no-undef
  2444:23   warning  'math' is not defined                               no-undef
  2444:34   warning  'math' is not defined                               no-undef
  2444:48   warning  'math' is not defined                               no-undef
  2444:57   warning  'math' is not defined                               no-undef
  2444:81   warning  'math' is not defined                               no-undef
  2445:8    warning  'd2' is already defined                             no-redeclare
  2448:1    warning  Mixed spaces and tabs                               no-mixed-spaces-and-tabs
  2452:1    warning  Mixed spaces and tabs                               no-mixed-spaces-and-tabs
  2472:1    warning  Mixed spaces and tabs                               no-mixed-spaces-and-tabs
  2474:1    warning  Mixed spaces and tabs                               no-mixed-spaces-and-tabs
  2488:1    warning  Mixed spaces and tabs                               no-mixed-spaces-and-tabs
  2491:1    warning  Mixed spaces and tabs                               no-mixed-spaces-and-tabs
  2492:1    warning  Mixed spaces and tabs                               no-mixed-spaces-and-tabs
  2493:1    warning  Mixed spaces and tabs                               no-mixed-spaces-and-tabs
  2494:1    warning  Mixed spaces and tabs                               no-mixed-spaces-and-tabs
  2495:1    warning  Mixed spaces and tabs                               no-mixed-spaces-and-tabs
  2496:1    warning  Mixed spaces and tabs                               no-mixed-spaces-and-tabs
  2496:14   warning  'b0' is already defined                             no-redeclare
  2497:8    warning  'b1' is already defined                             no-redeclare
  2498:8    warning  'b2' is already defined                             no-redeclare
  2499:17   warning  'a0' is already defined                             no-redeclare
  2500:8    warning  'a1' is already defined                             no-redeclare
  2501:8    warning  'a2' is already defined                             no-redeclare
  2502:1    warning  Mixed spaces and tabs                               no-mixed-spaces-and-tabs
  2502:14   warning  'T' is already defined                              no-redeclare
  2504:11   warning  Mixed spaces and tabs                               no-mixed-spaces-and-tabs
  2505:1    warning  Mixed spaces and tabs                               no-mixed-spaces-and-tabs
  2507:8    warning  'part' is already defined                           no-redeclare
  2507:13   warning  'math' is not defined                               no-undef
  2507:27   warning  'math' is not defined                               no-undef
  2507:42   warning  'math' is not defined                               no-undef
  2511:8    warning  'part1' is already defined                          no-redeclare
  2511:14   warning  'math' is not defined                               no-undef
  2512:8    warning  'num1' is already defined                           no-redeclare
  2512:13   warning  'math' is not defined                               no-undef
  2513:8    warning  'den' is already defined                            no-redeclare
  2513:12   warning  'math' is not defined                               no-undef
  2514:4    warning  'R11' is not defined                                no-undef
  2514:8    warning  'math' is not defined                               no-undef
  2516:4    warning  'R1' is not defined                                 no-undef
  2516:9    warning  'math' is not defined                               no-undef
  2516:22   warning  'math' is not defined                               no-undef
  2516:34   warning  'math' is not defined                               no-undef
  2516:45   warning  'math' is not defined                               no-undef
  2516:59   warning  'R11' is not defined                                no-undef
  2516:79   warning  'math' is not defined                               no-undef
  2516:91   warning  'math' is not defined                               no-undef
  2516:102  warning  'math' is not defined                               no-undef
  2516:116  warning  'R11' is not defined                                no-undef
  2518:16   warning  'R1' is not defined                                 no-undef
  2519:16   warning  'R1' is not defined                                 no-undef
  2520:16   warning  'R1' is not defined                                 no-undef
  2522:8    warning  'num2' is already defined                           no-redeclare
  2522:13   warning  'math' is not defined                               no-undef
  2524:4    warning  'R2' is not defined                                 no-undef
  2524:7    warning  'math' is not defined                               no-undef
  2524:20   warning  'R1' is not defined                                 no-undef
  2524:27   warning  'R1' is not defined                                 no-undef
  2526:16   warning  'R2' is not defined                                 no-undef
  2528:8    warning  'e0' is already defined                             no-redeclare
  2528:11   warning  'math' is not defined                               no-undef
  2528:28   warning  'math' is not defined                               no-undef
  2528:45   warning  'math' is not defined                               no-undef
  2529:8    warning  'e1' is already defined                             no-redeclare
  2529:11   warning  'math' is not defined                               no-undef
  2529:28   warning  'math' is not defined                               no-undef
  2529:45   warning  'math' is not defined                               no-undef
  2530:8    warning  'A1' is already defined                             no-redeclare
  2530:11   warning  'math' is not defined                               no-undef
  2530:23   warning  'math' is not defined                               no-undef
  2530:32   warning  'math' is not defined                               no-undef
  2530:49   warning  'R1' is not defined                                 no-undef
  2530:57   warning  'math' is not defined                               no-undef
  2530:71   warning  'R1' is not defined                                 no-undef
  2530:74   warning  'R2' is not defined                                 no-undef
  2531:8    warning  'A2' is already defined                             no-redeclare
  2531:11   warning  'math' is not defined                               no-undef
  2531:23   warning  'math' is not defined                               no-undef
  2531:32   warning  'math' is not defined                               no-undef
  2531:49   warning  'R2' is not defined                                 no-undef
  2531:57   warning  'math' is not defined                               no-undef
  2531:71   warning  'R2' is not defined                                 no-undef
  2531:74   warning  'R1' is not defined                                 no-undef
  2533:6    warning  'TA1' is already defined                            no-redeclare
  2533:10   warning  'math' is not defined                               no-undef
  2533:22   warning  'math' is not defined                               no-undef
  2533:33   warning  'math' is not defined                               no-undef
  2533:47   warning  'math' is not defined                               no-undef
  2534:6    warning  'TA2' is already defined                            no-redeclare
  2534:10   warning  'math' is not defined                               no-undef
  2534:22   warning  'math' is not defined                               no-undef
  2534:33   warning  'math' is not defined                               no-undef
  2534:47   warning  'math' is not defined                               no-undef
  2535:6    warning  'eTp1' is already defined                           no-redeclare
  2535:11   warning  'math' is not defined                               no-undef
  2535:23   warning  'math' is not defined                               no-undef
  2535:34   warning  'math' is not defined                               no-undef
  2535:48   warning  'math' is not defined                               no-undef
  2535:57   warning  'math' is not defined                               no-undef
  2535:73   warning  'R1' is not defined                                 no-undef
  2536:6    warning  'eTp2' is already defined                           no-redeclare
  2536:11   warning  'math' is not defined                               no-undef
  2536:23   warning  'math' is not defined                               no-undef
  2536:34   warning  'math' is not defined                               no-undef
  2536:48   warning  'math' is not defined                               no-undef
  2536:57   warning  'math' is not defined                               no-undef
  2536:73   warning  'R2' is not defined                                 no-undef
  2537:6    warning  'c1' is already defined                             no-redeclare
  2537:9    warning  'math' is not defined                               no-undef
  2537:21   warning  'math' is not defined                               no-undef
  2537:32   warning  'math' is not defined                               no-undef
  2537:46   warning  'math' is not defined                               no-undef
  2538:6    warning  'c2' is already defined                             no-redeclare
  2538:9    warning  'math' is not defined                               no-undef
  2538:21   warning  'math' is not defined                               no-undef
  2538:32   warning  'math' is not defined                               no-undef
  2538:46   warning  'math' is not defined                               no-undef
  2539:6    warning  'd0' is already defined                             no-redeclare
  2539:9    warning  'math' is not defined                               no-undef
  2539:21   warning  'math' is not defined                               no-undef
  2539:32   warning  'math' is not defined                               no-undef
  2539:46   warning  'math' is not defined                               no-undef
  2540:6    warning  'd1' is already defined                             no-redeclare
  2540:9    warning  'math' is not defined                               no-undef
  2540:21   warning  'math' is not defined                               no-undef
  2540:32   warning  'math' is not defined                               no-undef
  2540:46   warning  'math' is not defined                               no-undef
  2540:55   warning  'math' is not defined                               no-undef
  2540:79   warning  'math' is not defined                               no-undef
  2541:6    warning  'd2' is already defined                             no-redeclare
  2544:1    warning  Mixed spaces and tabs                               no-mixed-spaces-and-tabs
  2548:1    warning  Mixed spaces and tabs                               no-mixed-spaces-and-tabs
  2568:1    warning  Mixed spaces and tabs                               no-mixed-spaces-and-tabs
  2570:1    warning  Mixed spaces and tabs                               no-mixed-spaces-and-tabs
  2582:8    warning  'part1' is already defined                          no-redeclare
  2582:14   warning  'math' is not defined                               no-undef
  2583:8    warning  'num1' is already defined                           no-redeclare
  2583:13   warning  'math' is not defined                               no-undef
  2584:8    warning  'num2' is already defined                           no-redeclare
  2584:13   warning  'math' is not defined                               no-undef
  2585:8    warning  'den' is already defined                            no-redeclare
  2585:12   warning  'math' is not defined                               no-undef
  2586:4    warning  'R1' is not defined                                 no-undef
  2586:7    warning  'math' is not defined                               no-undef
  2587:4    warning  'R2' is not defined                                 no-undef
  2587:7    warning  'math' is not defined                               no-undef
  2589:8    warning  'R1' is not defined                                 no-undef
  2589:12   warning  'R2' is not defined                                 no-undef
  2591:8    warning  'd' is already defined                              no-redeclare
  2591:12   warning  'R1' is not defined                                 no-undef
  2593:8    warning  'e0' is already defined                             no-redeclare
  2593:11   warning  'math' is not defined                               no-undef
  2593:23   warning  'math' is not defined                               no-undef
  2594:8    warning  'e1' is already defined                             no-redeclare
  2594:11   warning  'math' is not defined                               no-undef
  2594:28   warning  'math' is not defined                               no-undef
  2596:8    warning  'A1' is already defined                             no-redeclare
  2596:11   warning  'math' is not defined                               no-undef
  2596:23   warning  'math' is not defined                               no-undef
  2597:8    warning  'A2' is already defined                             no-redeclare
  2597:11   warning  'math' is not defined                               no-undef
  2597:23   warning  'math' is not defined                               no-undef
  2597:43   warning  'math' is not defined                               no-undef
  2599:8    warning  'b0a0' is already defined                           no-redeclare
  2599:15   warning  'math' is not defined                               no-undef
  2599:27   warning  'math' is not defined                               no-undef
  2599:38   warning  'math' is not defined                               no-undef
  2599:52   warning  'math' is not defined                               no-undef
  2601:8    warning  'Tb0a0' is already defined                          no-redeclare
  2601:16   warning  'math' is not defined                               no-undef
  2601:28   warning  'math' is not defined                               no-undef
  2601:39   warning  'math' is not defined                               no-undef
  2601:53   warning  'math' is not defined                               no-undef
  2604:8    warning  'TA1' is already defined                            no-redeclare
  2604:12   warning  'math' is not defined                               no-undef
  2604:24   warning  'math' is not defined                               no-undef
  2604:35   warning  'math' is not defined                               no-undef
  2604:49   warning  'math' is not defined                               no-undef
  2605:8    warning  'TA2' is already defined                            no-redeclare
  2605:12   warning  'math' is not defined                               no-undef
  2605:24   warning  'math' is not defined                               no-undef
  2605:35   warning  'math' is not defined                               no-undef
  2605:49   warning  'math' is not defined                               no-undef
  2606:8    warning  'eTp1' is already defined                           no-redeclare
  2606:13   warning  'math' is not defined                               no-undef
  2606:25   warning  'math' is not defined                               no-undef
  2606:36   warning  'math' is not defined                               no-undef
  2606:50   warning  'math' is not defined                               no-undef
  2606:59   warning  'math' is not defined                               no-undef
  2606:75   warning  'R1' is not defined                                 no-undef
  2607:8    warning  'eTp2' is already defined                           no-redeclare
  2607:13   warning  'math' is not defined                               no-undef
  2607:25   warning  'math' is not defined                               no-undef
  2607:36   warning  'math' is not defined                               no-undef
  2607:50   warning  'math' is not defined                               no-undef
  2607:59   warning  'math' is not defined                               no-undef
  2607:75   warning  'R2' is not defined                                 no-undef
  2609:8    warning  'c1' is already defined                             no-redeclare
  2609:11   warning  'math' is not defined                               no-undef
  2609:23   warning  'math' is not defined                               no-undef
  2609:34   warning  'math' is not defined                               no-undef
  2609:48   warning  'math' is not defined                               no-undef
  2610:8    warning  'c2' is already defined                             no-redeclare
  2610:11   warning  'math' is not defined                               no-undef
  2610:23   warning  'math' is not defined                               no-undef
  2610:34   warning  'math' is not defined                               no-undef
  2610:48   warning  'math' is not defined                               no-undef
  2612:8    warning  'd0' is already defined                             no-redeclare
  2612:11   warning  'math' is not defined                               no-undef
  2612:23   warning  'math' is not defined                               no-undef
  2612:34   warning  'math' is not defined                               no-undef
  2612:48   warning  'math' is not defined                               no-undef
  2613:8    warning  'd1' is already defined                             no-redeclare
  2613:11   warning  'math' is not defined                               no-undef
  2613:23   warning  'math' is not defined                               no-undef
  2613:34   warning  'math' is not defined                               no-undef
  2613:48   warning  'math' is not defined                               no-undef
  2613:57   warning  'math' is not defined                               no-undef
  2613:86   warning  'math' is not defined                               no-undef
  2613:110  warning  'math' is not defined                               no-undef
  2618:8    warning  'd2' is already defined                             no-redeclare
  2621:1    warning  Mixed spaces and tabs                               no-mixed-spaces-and-tabs
  2628:1    warning  Mixed spaces and tabs                               no-mixed-spaces-and-tabs
  2648:1    warning  Mixed spaces and tabs                               no-mixed-spaces-and-tabs
  2650:1    warning  Mixed spaces and tabs                               no-mixed-spaces-and-tabs
  2657:8    warning  'e0' is already defined                             no-redeclare
  2657:11   warning  'math' is not defined                               no-undef
  2657:28   warning  'math' is not defined                               no-undef
  2657:45   warning  'math' is not defined                               no-undef
  2658:8    warning  'e1' is already defined                             no-redeclare
  2658:11   warning  'math' is not defined                               no-undef
  2658:28   warning  'math' is not defined                               no-undef
  2658:45   warning  'math' is not defined                               no-undef
  2659:8    warning  'A1' is already defined                             no-redeclare
  2659:11   warning  'math' is not defined                               no-undef
  2659:23   warning  'math' is not defined                               no-undef
  2659:32   warning  'math' is not defined                               no-undef
  2659:49   warning  'R1' is not defined                                 no-undef
  2659:57   warning  'math' is not defined                               no-undef
  2659:71   warning  'R1' is not defined                                 no-undef
  2659:74   warning  'R2' is not defined                                 no-undef
  2660:8    warning  'A2' is already defined                             no-redeclare
  2660:11   warning  'math' is not defined                               no-undef
  2660:23   warning  'math' is not defined                               no-undef
  2660:32   warning  'math' is not defined                               no-undef
  2660:49   warning  'R2' is not defined                                 no-undef
  2660:57   warning  'math' is not defined                               no-undef
  2660:71   warning  'R2' is not defined                                 no-undef
  2660:74   warning  'R1' is not defined                                 no-undef
  2662:8    warning  'TA1' is already defined                            no-redeclare
  2662:12   warning  'math' is not defined                               no-undef
  2662:24   warning  'math' is not defined                               no-undef
  2662:35   warning  'math' is not defined                               no-undef
  2662:49   warning  'math' is not defined                               no-undef
  2663:8    warning  'TA2' is already defined                            no-redeclare
  2663:12   warning  'math' is not defined                               no-undef
  2663:24   warning  'math' is not defined                               no-undef
  2663:35   warning  'math' is not defined                               no-undef
  2663:49   warning  'math' is not defined                               no-undef
  2664:8    warning  'eTp1' is already defined                           no-redeclare
  2664:13   warning  'math' is not defined                               no-undef
  2664:25   warning  'math' is not defined                               no-undef
  2664:36   warning  'math' is not defined                               no-undef
  2664:50   warning  'math' is not defined                               no-undef
  2664:59   warning  'math' is not defined                               no-undef
  2664:75   warning  'R1' is not defined                                 no-undef
  2665:8    warning  'eTp2' is already defined                           no-redeclare
  2665:13   warning  'math' is not defined                               no-undef
  2665:25   warning  'math' is not defined                               no-undef
  2665:36   warning  'math' is not defined                               no-undef
  2665:50   warning  'math' is not defined                               no-undef
  2665:59   warning  'math' is not defined                               no-undef
  2665:75   warning  'R2' is not defined                                 no-undef
  2666:8    warning  'c1' is already defined                             no-redeclare
  2666:11   warning  'math' is not defined                               no-undef
  2666:23   warning  'math' is not defined                               no-undef
  2666:34   warning  'math' is not defined                               no-undef
  2666:48   warning  'math' is not defined                               no-undef
  2667:8    warning  'c2' is already defined                             no-redeclare
  2667:11   warning  'math' is not defined                               no-undef
  2667:23   warning  'math' is not defined                               no-undef
  2667:34   warning  'math' is not defined                               no-undef
  2667:48   warning  'math' is not defined                               no-undef
  2668:8    warning  'd0' is already defined                             no-redeclare
  2668:11   warning  'math' is not defined                               no-undef
  2668:23   warning  'math' is not defined                               no-undef
  2668:34   warning  'math' is not defined                               no-undef
  2668:48   warning  'math' is not defined                               no-undef
  2669:8    warning  'd1' is already defined                             no-redeclare
  2669:11   warning  'math' is not defined                               no-undef
  2669:23   warning  'math' is not defined                               no-undef
  2669:34   warning  'math' is not defined                               no-undef
  2669:48   warning  'math' is not defined                               no-undef
  2669:57   warning  'math' is not defined                               no-undef
  2669:81   warning  'math' is not defined                               no-undef
  2670:8    warning  'd2' is already defined                             no-redeclare
  2673:1    warning  Mixed spaces and tabs                               no-mixed-spaces-and-tabs
  2677:1    warning  Mixed spaces and tabs                               no-mixed-spaces-and-tabs
  2697:1    warning  Mixed spaces and tabs                               no-mixed-spaces-and-tabs
  2699:1    warning  Mixed spaces and tabs                               no-mixed-spaces-and-tabs
  2717:1    warning  Mixed spaces and tabs                               no-mixed-spaces-and-tabs
  2718:1    warning  Mixed spaces and tabs                               no-mixed-spaces-and-tabs
  2719:1    warning  Mixed spaces and tabs                               no-mixed-spaces-and-tabs
  2720:1    warning  Mixed spaces and tabs                               no-mixed-spaces-and-tabs
  2721:1    warning  Mixed spaces and tabs                               no-mixed-spaces-and-tabs
  2722:1    warning  Mixed spaces and tabs                               no-mixed-spaces-and-tabs
  2722:14   warning  'b0' is already defined                             no-redeclare
  2723:8    warning  'b1' is already defined                             no-redeclare
  2724:8    warning  'b2' is already defined                             no-redeclare
  2725:17   warning  'a0' is already defined                             no-redeclare
  2726:8    warning  'a1' is already defined                             no-redeclare
  2727:8    warning  'a2' is already defined                             no-redeclare
  2728:1    warning  Mixed spaces and tabs                               no-mixed-spaces-and-tabs
  2728:14   warning  'T' is already defined                              no-redeclare
  2730:11   warning  Mixed spaces and tabs                               no-mixed-spaces-and-tabs
  2731:1    warning  Mixed spaces and tabs                               no-mixed-spaces-and-tabs
  2733:8    warning  'part' is already defined                           no-redeclare
  2733:13   warning  'math' is not defined                               no-undef
  2733:27   warning  'math' is not defined                               no-undef
  2733:42   warning  'math' is not defined                               no-undef
  2737:8    warning  'part1' is already defined                          no-redeclare
  2737:14   warning  'math' is not defined                               no-undef
  2738:8    warning  'num1' is already defined                           no-redeclare
  2738:13   warning  'math' is not defined                               no-undef
  2739:8    warning  'den' is already defined                            no-redeclare
  2739:12   warning  'math' is not defined                               no-undef
  2740:4    warning  'R11' is not defined                                no-undef
  2740:8    warning  'math' is not defined                               no-undef
  2742:4    warning  'R1' is not defined                                 no-undef
  2742:9    warning  'math' is not defined                               no-undef
  2742:22   warning  'math' is not defined                               no-undef
  2742:34   warning  'math' is not defined                               no-undef
  2742:45   warning  'math' is not defined                               no-undef
  2742:59   warning  'R11' is not defined                                no-undef
  2742:79   warning  'math' is not defined                               no-undef
  2742:91   warning  'math' is not defined                               no-undef
  2742:102  warning  'math' is not defined                               no-undef
  2742:116  warning  'R11' is not defined                                no-undef
  2744:16   warning  'R1' is not defined                                 no-undef
  2745:16   warning  'R1' is not defined                                 no-undef
  2746:16   warning  'R1' is not defined                                 no-undef
  2748:8    warning  'num2' is already defined                           no-redeclare
  2748:13   warning  'math' is not defined                               no-undef
  2750:4    warning  'R2' is not defined                                 no-undef
  2750:7    warning  'math' is not defined                               no-undef
  2750:20   warning  'R1' is not defined                                 no-undef
  2750:27   warning  'R1' is not defined                                 no-undef
  2752:16   warning  'R2' is not defined                                 no-undef
  2754:8    warning  'e0' is already defined                             no-redeclare
  2754:11   warning  'math' is not defined                               no-undef
  2754:28   warning  'math' is not defined                               no-undef
  2754:45   warning  'math' is not defined                               no-undef
  2755:8    warning  'e1' is already defined                             no-redeclare
  2755:11   warning  'math' is not defined                               no-undef
  2755:28   warning  'math' is not defined                               no-undef
  2755:45   warning  'math' is not defined                               no-undef
  2756:8    warning  'A1' is already defined                             no-redeclare
  2756:11   warning  'math' is not defined                               no-undef
  2756:23   warning  'math' is not defined                               no-undef
  2756:32   warning  'math' is not defined                               no-undef
  2756:49   warning  'R1' is not defined                                 no-undef
  2756:57   warning  'math' is not defined                               no-undef
  2756:71   warning  'R1' is not defined                                 no-undef
  2756:74   warning  'R2' is not defined                                 no-undef
  2757:8    warning  'A2' is already defined                             no-redeclare
  2757:11   warning  'math' is not defined                               no-undef
  2757:23   warning  'math' is not defined                               no-undef
  2757:32   warning  'math' is not defined                               no-undef
  2757:49   warning  'R2' is not defined                                 no-undef
  2757:57   warning  'math' is not defined                               no-undef
  2757:71   warning  'R2' is not defined                                 no-undef
  2757:74   warning  'R1' is not defined                                 no-undef
  2759:6    warning  'TA1' is already defined                            no-redeclare
  2759:10   warning  'math' is not defined                               no-undef
  2759:22   warning  'math' is not defined                               no-undef
  2759:33   warning  'math' is not defined                               no-undef
  2759:47   warning  'math' is not defined                               no-undef
  2760:6    warning  'TA2' is already defined                            no-redeclare
  2760:10   warning  'math' is not defined                               no-undef
  2760:22   warning  'math' is not defined                               no-undef
  2760:33   warning  'math' is not defined                               no-undef
  2760:47   warning  'math' is not defined                               no-undef
  2761:6    warning  'eTp1' is already defined                           no-redeclare
  2761:11   warning  'math' is not defined                               no-undef
  2761:23   warning  'math' is not defined                               no-undef
  2761:34   warning  'math' is not defined                               no-undef
  2761:48   warning  'math' is not defined                               no-undef
  2761:57   warning  'math' is not defined                               no-undef
  2761:73   warning  'R1' is not defined                                 no-undef
  2762:6    warning  'eTp2' is already defined                           no-redeclare
  2762:11   warning  'math' is not defined                               no-undef
  2762:23   warning  'math' is not defined                               no-undef
  2762:34   warning  'math' is not defined                               no-undef
  2762:48   warning  'math' is not defined                               no-undef
  2762:57   warning  'math' is not defined                               no-undef
  2762:73   warning  'R2' is not defined                                 no-undef
  2763:6    warning  'c1' is already defined                             no-redeclare
  2763:9    warning  'math' is not defined                               no-undef
  2763:21   warning  'math' is not defined                               no-undef
  2763:32   warning  'math' is not defined                               no-undef
  2763:46   warning  'math' is not defined                               no-undef
  2764:6    warning  'c2' is already defined                             no-redeclare
  2764:9    warning  'math' is not defined                               no-undef
  2764:21   warning  'math' is not defined                               no-undef
  2764:32   warning  'math' is not defined                               no-undef
  2764:46   warning  'math' is not defined                               no-undef
  2765:6    warning  'd0' is already defined                             no-redeclare
  2765:9    warning  'math' is not defined                               no-undef
  2765:21   warning  'math' is not defined                               no-undef
  2765:32   warning  'math' is not defined                               no-undef
  2765:46   warning  'math' is not defined                               no-undef
  2766:6    warning  'd1' is already defined                             no-redeclare
  2766:9    warning  'math' is not defined                               no-undef
  2766:21   warning  'math' is not defined                               no-undef
  2766:32   warning  'math' is not defined                               no-undef
  2766:46   warning  'math' is not defined                               no-undef
  2766:55   warning  'math' is not defined                               no-undef
  2766:79   warning  'math' is not defined                               no-undef
  2767:6    warning  'd2' is already defined                             no-redeclare
  2770:1    warning  Mixed spaces and tabs                               no-mixed-spaces-and-tabs
  2774:1    warning  Mixed spaces and tabs                               no-mixed-spaces-and-tabs
  2794:1    warning  Mixed spaces and tabs                               no-mixed-spaces-and-tabs
  2796:1    warning  Mixed spaces and tabs                               no-mixed-spaces-and-tabs
  2808:8    warning  'part1' is already defined                          no-redeclare
  2808:14   warning  'math' is not defined                               no-undef
  2809:8    warning  'num1' is already defined                           no-redeclare
  2809:13   warning  'math' is not defined                               no-undef
  2810:8    warning  'num2' is already defined                           no-redeclare
  2810:13   warning  'math' is not defined                               no-undef
  2811:8    warning  'den' is already defined                            no-redeclare
  2811:12   warning  'math' is not defined                               no-undef
  2812:4    warning  'R1' is not defined                                 no-undef
  2812:7    warning  'math' is not defined                               no-undef
  2813:4    warning  'R2' is not defined                                 no-undef
  2813:7    warning  'math' is not defined                               no-undef
  2815:8    warning  'R1' is not defined                                 no-undef
  2815:12   warning  'R2' is not defined                                 no-undef
  2817:8    warning  'd' is already defined                              no-redeclare
  2817:12   warning  'R1' is not defined                                 no-undef
  2819:8    warning  'e0' is already defined                             no-redeclare
  2819:11   warning  'math' is not defined                               no-undef
  2819:23   warning  'math' is not defined                               no-undef
  2820:8    warning  'e1' is already defined                             no-redeclare
  2820:11   warning  'math' is not defined                               no-undef
  2820:28   warning  'math' is not defined                               no-undef
  2822:8    warning  'A1' is already defined                             no-redeclare
  2822:11   warning  'math' is not defined                               no-undef
  2822:23   warning  'math' is not defined                               no-undef
  2823:8    warning  'A2' is already defined                             no-redeclare
  2823:11   warning  'math' is not defined                               no-undef
  2823:23   warning  'math' is not defined                               no-undef
  2823:43   warning  'math' is not defined                               no-undef
  2825:8    warning  'b0a0' is already defined                           no-redeclare
  2825:15   warning  'math' is not defined                               no-undef
  2825:27   warning  'math' is not defined                               no-undef
  2825:38   warning  'math' is not defined                               no-undef
  2825:52   warning  'math' is not defined                               no-undef
  2827:8    warning  'Tb0a0' is already defined                          no-redeclare
  2827:16   warning  'math' is not defined                               no-undef
  2827:28   warning  'math' is not defined                               no-undef
  2827:39   warning  'math' is not defined                               no-undef
  2827:53   warning  'math' is not defined                               no-undef
  2830:8    warning  'TA1' is already defined                            no-redeclare
  2830:12   warning  'math' is not defined                               no-undef
  2830:24   warning  'math' is not defined                               no-undef
  2830:35   warning  'math' is not defined                               no-undef
  2830:49   warning  'math' is not defined                               no-undef
  2831:8    warning  'TA2' is already defined                            no-redeclare
  2831:12   warning  'math' is not defined                               no-undef
  2831:24   warning  'math' is not defined                               no-undef
  2831:35   warning  'math' is not defined                               no-undef
  2831:49   warning  'math' is not defined                               no-undef
  2832:8    warning  'eTp1' is already defined                           no-redeclare
  2832:13   warning  'math' is not defined                               no-undef
  2832:25   warning  'math' is not defined                               no-undef
  2832:36   warning  'math' is not defined                               no-undef
  2832:50   warning  'math' is not defined                               no-undef
  2832:59   warning  'math' is not defined                               no-undef
  2832:75   warning  'R1' is not defined                                 no-undef
  2833:8    warning  'eTp2' is already defined                           no-redeclare
  2833:13   warning  'math' is not defined                               no-undef
  2833:25   warning  'math' is not defined                               no-undef
  2833:36   warning  'math' is not defined                               no-undef
  2833:50   warning  'math' is not defined                               no-undef
  2833:59   warning  'math' is not defined                               no-undef
  2833:75   warning  'R2' is not defined                                 no-undef
  2835:8    warning  'c1' is already defined                             no-redeclare
  2835:11   warning  'math' is not defined                               no-undef
  2835:23   warning  'math' is not defined                               no-undef
  2835:34   warning  'math' is not defined                               no-undef
  2835:48   warning  'math' is not defined                               no-undef
  2836:8    warning  'c2' is already defined                             no-redeclare
  2836:11   warning  'math' is not defined                               no-undef
  2836:23   warning  'math' is not defined                               no-undef
  2836:34   warning  'math' is not defined                               no-undef
  2836:48   warning  'math' is not defined                               no-undef
  2838:8    warning  'd0' is already defined                             no-redeclare
  2838:11   warning  'math' is not defined                               no-undef
  2838:23   warning  'math' is not defined                               no-undef
  2838:34   warning  'math' is not defined                               no-undef
  2838:48   warning  'math' is not defined                               no-undef
  2839:8    warning  'd1' is already defined                             no-redeclare
  2839:11   warning  'math' is not defined                               no-undef
  2839:23   warning  'math' is not defined                               no-undef
  2839:34   warning  'math' is not defined                               no-undef
  2839:48   warning  'math' is not defined                               no-undef
  2839:57   warning  'math' is not defined                               no-undef
  2839:86   warning  'math' is not defined                               no-undef
  2839:110  warning  'math' is not defined                               no-undef
  2844:8    warning  'd2' is already defined                             no-redeclare
  2847:1    warning  Mixed spaces and tabs                               no-mixed-spaces-and-tabs
  2854:1    warning  Mixed spaces and tabs                               no-mixed-spaces-and-tabs
  2874:1    warning  Mixed spaces and tabs                               no-mixed-spaces-and-tabs
  2876:1    warning  Mixed spaces and tabs                               no-mixed-spaces-and-tabs
  2883:8    warning  'e0' is already defined                             no-redeclare
  2883:11   warning  'math' is not defined                               no-undef
  2883:28   warning  'math' is not defined                               no-undef
  2883:45   warning  'math' is not defined                               no-undef
  2884:8    warning  'e1' is already defined                             no-redeclare
  2884:11   warning  'math' is not defined                               no-undef
  2884:28   warning  'math' is not defined                               no-undef
  2884:45   warning  'math' is not defined                               no-undef
  2885:8    warning  'A1' is already defined                             no-redeclare
  2885:11   warning  'math' is not defined                               no-undef
  2885:23   warning  'math' is not defined                               no-undef
  2885:32   warning  'math' is not defined                               no-undef
  2885:49   warning  'R1' is not defined                                 no-undef
  2885:57   warning  'math' is not defined                               no-undef
  2885:71   warning  'R1' is not defined                                 no-undef
  2885:74   warning  'R2' is not defined                                 no-undef
  2886:8    warning  'A2' is already defined                             no-redeclare
  2886:11   warning  'math' is not defined                               no-undef
  2886:23   warning  'math' is not defined                               no-undef
  2886:32   warning  'math' is not defined                               no-undef
  2886:49   warning  'R2' is not defined                                 no-undef
  2886:57   warning  'math' is not defined                               no-undef
  2886:71   warning  'R2' is not defined                                 no-undef
  2886:74   warning  'R1' is not defined                                 no-undef
  2888:8    warning  'TA1' is already defined                            no-redeclare
  2888:12   warning  'math' is not defined                               no-undef
  2888:24   warning  'math' is not defined                               no-undef
  2888:35   warning  'math' is not defined                               no-undef
  2888:49   warning  'math' is not defined                               no-undef
  2889:8    warning  'TA2' is already defined                            no-redeclare
  2889:12   warning  'math' is not defined                               no-undef
  2889:24   warning  'math' is not defined                               no-undef
  2889:35   warning  'math' is not defined                               no-undef
  2889:49   warning  'math' is not defined                               no-undef
  2890:8    warning  'eTp1' is already defined                           no-redeclare
  2890:13   warning  'math' is not defined                               no-undef
  2890:25   warning  'math' is not defined                               no-undef
  2890:36   warning  'math' is not defined                               no-undef
  2890:50   warning  'math' is not defined                               no-undef
  2890:59   warning  'math' is not defined                               no-undef
  2890:75   warning  'R1' is not defined                                 no-undef
  2891:8    warning  'eTp2' is already defined                           no-redeclare
  2891:13   warning  'math' is not defined                               no-undef
  2891:25   warning  'math' is not defined                               no-undef
  2891:36   warning  'math' is not defined                               no-undef
  2891:50   warning  'math' is not defined                               no-undef
  2891:59   warning  'math' is not defined                               no-undef
  2891:75   warning  'R2' is not defined                                 no-undef
  2892:8    warning  'c1' is already defined                             no-redeclare
  2892:11   warning  'math' is not defined                               no-undef
  2892:23   warning  'math' is not defined                               no-undef
  2892:34   warning  'math' is not defined                               no-undef
  2892:48   warning  'math' is not defined                               no-undef
  2893:8    warning  'c2' is already defined                             no-redeclare
  2893:11   warning  'math' is not defined                               no-undef
  2893:23   warning  'math' is not defined                               no-undef
  2893:34   warning  'math' is not defined                               no-undef
  2893:48   warning  'math' is not defined                               no-undef
  2894:8    warning  'd0' is already defined                             no-redeclare
  2894:11   warning  'math' is not defined                               no-undef
  2894:23   warning  'math' is not defined                               no-undef
  2894:34   warning  'math' is not defined                               no-undef
  2894:48   warning  'math' is not defined                               no-undef
  2895:8    warning  'd1' is already defined                             no-redeclare
  2895:11   warning  'math' is not defined                               no-undef
  2895:23   warning  'math' is not defined                               no-undef
  2895:34   warning  'math' is not defined                               no-undef
  2895:48   warning  'math' is not defined                               no-undef
  2895:57   warning  'math' is not defined                               no-undef
  2895:81   warning  'math' is not defined                               no-undef
  2896:8    warning  'd2' is already defined                             no-redeclare
  2899:1    warning  Mixed spaces and tabs                               no-mixed-spaces-and-tabs
  2903:1    warning  Mixed spaces and tabs                               no-mixed-spaces-and-tabs
  2923:1    warning  Mixed spaces and tabs                               no-mixed-spaces-and-tabs
  2925:1    warning  Mixed spaces and tabs                               no-mixed-spaces-and-tabs
  2939:1    warning  Mixed spaces and tabs                               no-mixed-spaces-and-tabs
  2944:1    warning  Mixed spaces and tabs                               no-mixed-spaces-and-tabs
  2945:1    warning  Mixed spaces and tabs                               no-mixed-spaces-and-tabs
  2946:1    warning  Mixed spaces and tabs                               no-mixed-spaces-and-tabs
  2947:1    warning  Mixed spaces and tabs                               no-mixed-spaces-and-tabs
  2948:1    warning  Mixed spaces and tabs                               no-mixed-spaces-and-tabs
  2949:1    warning  Mixed spaces and tabs                               no-mixed-spaces-and-tabs
  2949:14   warning  'b0' is already defined                             no-redeclare
  2950:8    warning  'b1' is already defined                             no-redeclare
  2951:8    warning  'b2' is already defined                             no-redeclare
  2952:17   warning  'a0' is already defined                             no-redeclare
  2953:8    warning  'a1' is already defined                             no-redeclare
  2954:8    warning  'a2' is already defined                             no-redeclare
  2955:1    warning  Mixed spaces and tabs                               no-mixed-spaces-and-tabs
  2955:14   warning  'T' is already defined                              no-redeclare
  2957:11   warning  Mixed spaces and tabs                               no-mixed-spaces-and-tabs
  2958:1    warning  Mixed spaces and tabs                               no-mixed-spaces-and-tabs
  2960:8    warning  'part' is already defined                           no-redeclare
  2960:13   warning  'math' is not defined                               no-undef
  2960:27   warning  'math' is not defined                               no-undef
  2960:42   warning  'math' is not defined                               no-undef
  2964:8    warning  'part1' is already defined                          no-redeclare
  2964:14   warning  'math' is not defined                               no-undef
  2965:8    warning  'num1' is already defined                           no-redeclare
  2965:13   warning  'math' is not defined                               no-undef
  2966:8    warning  'den' is already defined                            no-redeclare
  2966:12   warning  'math' is not defined                               no-undef
  2967:4    warning  'R11' is not defined                                no-undef
  2967:8    warning  'math' is not defined                               no-undef
  2969:4    warning  'R1' is not defined                                 no-undef
  2969:9    warning  'math' is not defined                               no-undef
  2969:22   warning  'math' is not defined                               no-undef
  2969:34   warning  'math' is not defined                               no-undef
  2969:45   warning  'math' is not defined                               no-undef
  2969:59   warning  'R11' is not defined                                no-undef
  2969:79   warning  'math' is not defined                               no-undef
  2969:91   warning  'math' is not defined                               no-undef
  2969:102  warning  'math' is not defined                               no-undef
  2969:116  warning  'R11' is not defined                                no-undef
  2971:16   warning  'R1' is not defined                                 no-undef
  2972:16   warning  'R1' is not defined                                 no-undef
  2973:16   warning  'R1' is not defined                                 no-undef
  2975:8    warning  'num2' is already defined                           no-redeclare
  2975:13   warning  'math' is not defined                               no-undef
  2977:4    warning  'R2' is not defined                                 no-undef
  2977:7    warning  'math' is not defined                               no-undef
  2977:20   warning  'R1' is not defined                                 no-undef
  2977:27   warning  'R1' is not defined                                 no-undef
  2979:16   warning  'R2' is not defined                                 no-undef
  2981:8    warning  'e0' is already defined                             no-redeclare
  2981:11   warning  'math' is not defined                               no-undef
  2981:28   warning  'math' is not defined                               no-undef
  2981:45   warning  'math' is not defined                               no-undef
  2982:8    warning  'e1' is already defined                             no-redeclare
  2982:11   warning  'math' is not defined                               no-undef
  2982:28   warning  'math' is not defined                               no-undef
  2982:45   warning  'math' is not defined                               no-undef
  2983:8    warning  'A1' is already defined                             no-redeclare
  2983:11   warning  'math' is not defined                               no-undef
  2983:23   warning  'math' is not defined                               no-undef
  2983:32   warning  'math' is not defined                               no-undef
  2983:49   warning  'R1' is not defined                                 no-undef
  2983:57   warning  'math' is not defined                               no-undef
  2983:71   warning  'R1' is not defined                                 no-undef
  2983:74   warning  'R2' is not defined                                 no-undef
  2984:8    warning  'A2' is already defined                             no-redeclare
  2984:11   warning  'math' is not defined                               no-undef
  2984:23   warning  'math' is not defined                               no-undef
  2984:32   warning  'math' is not defined                               no-undef
  2984:49   warning  'R2' is not defined                                 no-undef
  2984:57   warning  'math' is not defined                               no-undef
  2984:71   warning  'R2' is not defined                                 no-undef
  2984:74   warning  'R1' is not defined                                 no-undef
  2986:6    warning  'TA1' is already defined                            no-redeclare
  2986:10   warning  'math' is not defined                               no-undef
  2986:22   warning  'math' is not defined                               no-undef
  2986:33   warning  'math' is not defined                               no-undef
  2986:47   warning  'math' is not defined                               no-undef
  2987:6    warning  'TA2' is already defined                            no-redeclare
  2987:10   warning  'math' is not defined                               no-undef
  2987:22   warning  'math' is not defined                               no-undef
  2987:33   warning  'math' is not defined                               no-undef
  2987:47   warning  'math' is not defined                               no-undef
  2988:6    warning  'eTp1' is already defined                           no-redeclare
  2988:11   warning  'math' is not defined                               no-undef
  2988:23   warning  'math' is not defined                               no-undef
  2988:34   warning  'math' is not defined                               no-undef
  2988:48   warning  'math' is not defined                               no-undef
  2988:57   warning  'math' is not defined                               no-undef
  2988:73   warning  'R1' is not defined                                 no-undef
  2989:6    warning  'eTp2' is already defined                           no-redeclare
  2989:11   warning  'math' is not defined                               no-undef
  2989:23   warning  'math' is not defined                               no-undef
  2989:34   warning  'math' is not defined                               no-undef
  2989:48   warning  'math' is not defined                               no-undef
  2989:57   warning  'math' is not defined                               no-undef
  2989:73   warning  'R2' is not defined                                 no-undef
  2990:6    warning  'c1' is already defined                             no-redeclare
  2990:9    warning  'math' is not defined                               no-undef
  2990:21   warning  'math' is not defined                               no-undef
  2990:32   warning  'math' is not defined                               no-undef
  2990:46   warning  'math' is not defined                               no-undef
  2991:6    warning  'c2' is already defined                             no-redeclare
  2991:9    warning  'math' is not defined                               no-undef
  2991:21   warning  'math' is not defined                               no-undef
  2991:32   warning  'math' is not defined                               no-undef
  2991:46   warning  'math' is not defined                               no-undef
  2992:6    warning  'd0' is already defined                             no-redeclare
  2992:9    warning  'math' is not defined                               no-undef
  2992:21   warning  'math' is not defined                               no-undef
  2992:32   warning  'math' is not defined                               no-undef
  2992:46   warning  'math' is not defined                               no-undef
  2993:6    warning  'd1' is already defined                             no-redeclare
  2993:9    warning  'math' is not defined                               no-undef
  2993:21   warning  'math' is not defined                               no-undef
  2993:32   warning  'math' is not defined                               no-undef
  2993:46   warning  'math' is not defined                               no-undef
  2993:55   warning  'math' is not defined                               no-undef
  2993:79   warning  'math' is not defined                               no-undef
  2994:6    warning  'd2' is already defined                             no-redeclare
  2997:1    warning  Mixed spaces and tabs                               no-mixed-spaces-and-tabs
  3001:1    warning  Mixed spaces and tabs                               no-mixed-spaces-and-tabs
  3021:1    warning  Mixed spaces and tabs                               no-mixed-spaces-and-tabs
  3023:1    warning  Mixed spaces and tabs                               no-mixed-spaces-and-tabs
  3035:8    warning  'part1' is already defined                          no-redeclare
  3035:14   warning  'math' is not defined                               no-undef
  3036:8    warning  'num1' is already defined                           no-redeclare
  3036:13   warning  'math' is not defined                               no-undef
  3037:8    warning  'num2' is already defined                           no-redeclare
  3037:13   warning  'math' is not defined                               no-undef
  3038:8    warning  'den' is already defined                            no-redeclare
  3038:12   warning  'math' is not defined                               no-undef
  3039:4    warning  'R1' is not defined                                 no-undef
  3039:7    warning  'math' is not defined                               no-undef
  3040:4    warning  'R2' is not defined                                 no-undef
  3040:7    warning  'math' is not defined                               no-undef
  3042:8    warning  'R1' is not defined                                 no-undef
  3042:12   warning  'R2' is not defined                                 no-undef
  3044:8    warning  'd' is already defined                              no-redeclare
  3044:12   warning  'R1' is not defined                                 no-undef
  3046:8    warning  'e0' is already defined                             no-redeclare
  3046:11   warning  'math' is not defined                               no-undef
  3046:23   warning  'math' is not defined                               no-undef
  3047:8    warning  'e1' is already defined                             no-redeclare
  3047:11   warning  'math' is not defined                               no-undef
  3047:28   warning  'math' is not defined                               no-undef
  3049:8    warning  'A1' is already defined                             no-redeclare
  3049:11   warning  'math' is not defined                               no-undef
  3049:23   warning  'math' is not defined                               no-undef
  3050:8    warning  'A2' is already defined                             no-redeclare
  3050:11   warning  'math' is not defined                               no-undef
  3050:23   warning  'math' is not defined                               no-undef
  3050:43   warning  'math' is not defined                               no-undef
  3052:8    warning  'b0a0' is already defined                           no-redeclare
  3052:15   warning  'math' is not defined                               no-undef
  3052:27   warning  'math' is not defined                               no-undef
  3052:38   warning  'math' is not defined                               no-undef
  3052:52   warning  'math' is not defined                               no-undef
  3054:8    warning  'Tb0a0' is already defined                          no-redeclare
  3054:16   warning  'math' is not defined                               no-undef
  3054:28   warning  'math' is not defined                               no-undef
  3054:39   warning  'math' is not defined                               no-undef
  3054:53   warning  'math' is not defined                               no-undef
  3057:8    warning  'TA1' is already defined                            no-redeclare
  3057:12   warning  'math' is not defined                               no-undef
  3057:24   warning  'math' is not defined                               no-undef
  3057:35   warning  'math' is not defined                               no-undef
  3057:49   warning  'math' is not defined                               no-undef
  3058:8    warning  'TA2' is already defined                            no-redeclare
  3058:12   warning  'math' is not defined                               no-undef
  3058:24   warning  'math' is not defined                               no-undef
  3058:35   warning  'math' is not defined                               no-undef
  3058:49   warning  'math' is not defined                               no-undef
  3059:8    warning  'eTp1' is already defined                           no-redeclare
  3059:13   warning  'math' is not defined                               no-undef
  3059:25   warning  'math' is not defined                               no-undef
  3059:36   warning  'math' is not defined                               no-undef
  3059:50   warning  'math' is not defined                               no-undef
  3059:59   warning  'math' is not defined                               no-undef
  3059:75   warning  'R1' is not defined                                 no-undef
  3060:8    warning  'eTp2' is already defined                           no-redeclare
  3060:13   warning  'math' is not defined                               no-undef
  3060:25   warning  'math' is not defined                               no-undef
  3060:36   warning  'math' is not defined                               no-undef
  3060:50   warning  'math' is not defined                               no-undef
  3060:59   warning  'math' is not defined                               no-undef
  3060:75   warning  'R2' is not defined                                 no-undef
  3062:8    warning  'c1' is already defined                             no-redeclare
  3062:11   warning  'math' is not defined                               no-undef
  3062:23   warning  'math' is not defined                               no-undef
  3062:34   warning  'math' is not defined                               no-undef
  3062:48   warning  'math' is not defined                               no-undef
  3063:8    warning  'c2' is already defined                             no-redeclare
  3063:11   warning  'math' is not defined                               no-undef
  3063:23   warning  'math' is not defined                               no-undef
  3063:34   warning  'math' is not defined                               no-undef
  3063:48   warning  'math' is not defined                               no-undef
  3065:8    warning  'd0' is already defined                             no-redeclare
  3065:11   warning  'math' is not defined                               no-undef
  3065:23   warning  'math' is not defined                               no-undef
  3065:34   warning  'math' is not defined                               no-undef
  3065:48   warning  'math' is not defined                               no-undef
  3066:8    warning  'd1' is already defined                             no-redeclare
  3066:11   warning  'math' is not defined                               no-undef
  3066:23   warning  'math' is not defined                               no-undef
  3066:34   warning  'math' is not defined                               no-undef
  3066:48   warning  'math' is not defined                               no-undef
  3066:57   warning  'math' is not defined                               no-undef
  3066:86   warning  'math' is not defined                               no-undef
  3066:110  warning  'math' is not defined                               no-undef
  3071:8    warning  'd2' is already defined                             no-redeclare
  3074:1    warning  Mixed spaces and tabs                               no-mixed-spaces-and-tabs
  3081:1    warning  Mixed spaces and tabs                               no-mixed-spaces-and-tabs
  3101:1    warning  Mixed spaces and tabs                               no-mixed-spaces-and-tabs
  3103:1    warning  Mixed spaces and tabs                               no-mixed-spaces-and-tabs
  3110:8    warning  'e0' is already defined                             no-redeclare
  3110:11   warning  'math' is not defined                               no-undef
  3110:28   warning  'math' is not defined                               no-undef
  3110:45   warning  'math' is not defined                               no-undef
  3111:8    warning  'e1' is already defined                             no-redeclare
  3111:11   warning  'math' is not defined                               no-undef
  3111:28   warning  'math' is not defined                               no-undef
  3111:45   warning  'math' is not defined                               no-undef
  3112:8    warning  'A1' is already defined                             no-redeclare
  3112:11   warning  'math' is not defined                               no-undef
  3112:23   warning  'math' is not defined                               no-undef
  3112:32   warning  'math' is not defined                               no-undef
  3112:49   warning  'R1' is not defined                                 no-undef
  3112:57   warning  'math' is not defined                               no-undef
  3112:71   warning  'R1' is not defined                                 no-undef
  3112:74   warning  'R2' is not defined                                 no-undef
  3113:8    warning  'A2' is already defined                             no-redeclare
  3113:11   warning  'math' is not defined                               no-undef
  3113:23   warning  'math' is not defined                               no-undef
  3113:32   warning  'math' is not defined                               no-undef
  3113:49   warning  'R2' is not defined                                 no-undef
  3113:57   warning  'math' is not defined                               no-undef
  3113:71   warning  'R2' is not defined                                 no-undef
  3113:74   warning  'R1' is not defined                                 no-undef
  3115:8    warning  'TA1' is already defined                            no-redeclare
  3115:12   warning  'math' is not defined                               no-undef
  3115:24   warning  'math' is not defined                               no-undef
  3115:35   warning  'math' is not defined                               no-undef
  3115:49   warning  'math' is not defined                               no-undef
  3116:8    warning  'TA2' is already defined                            no-redeclare
  3116:12   warning  'math' is not defined                               no-undef
  3116:24   warning  'math' is not defined                               no-undef
  3116:35   warning  'math' is not defined                               no-undef
  3116:49   warning  'math' is not defined                               no-undef
  3117:8    warning  'eTp1' is already defined                           no-redeclare
  3117:13   warning  'math' is not defined                               no-undef
  3117:25   warning  'math' is not defined                               no-undef
  3117:36   warning  'math' is not defined                               no-undef
  3117:50   warning  'math' is not defined                               no-undef
  3117:59   warning  'math' is not defined                               no-undef
  3117:75   warning  'R1' is not defined                                 no-undef
  3118:8    warning  'eTp2' is already defined                           no-redeclare
  3118:13   warning  'math' is not defined                               no-undef
  3118:25   warning  'math' is not defined                               no-undef
  3118:36   warning  'math' is not defined                               no-undef
  3118:50   warning  'math' is not defined                               no-undef
  3118:59   warning  'math' is not defined                               no-undef
  3118:75   warning  'R2' is not defined                                 no-undef
  3119:8    warning  'c1' is already defined                             no-redeclare
  3119:11   warning  'math' is not defined                               no-undef
  3119:23   warning  'math' is not defined                               no-undef
  3119:34   warning  'math' is not defined                               no-undef
  3119:48   warning  'math' is not defined                               no-undef
  3120:8    warning  'c2' is already defined                             no-redeclare
  3120:11   warning  'math' is not defined                               no-undef
  3120:23   warning  'math' is not defined                               no-undef
  3120:34   warning  'math' is not defined                               no-undef
  3120:48   warning  'math' is not defined                               no-undef
  3121:8    warning  'd0' is already defined                             no-redeclare
  3121:11   warning  'math' is not defined                               no-undef
  3121:23   warning  'math' is not defined                               no-undef
  3121:34   warning  'math' is not defined                               no-undef
  3121:48   warning  'math' is not defined                               no-undef
  3122:8    warning  'd1' is already defined                             no-redeclare
  3122:11   warning  'math' is not defined                               no-undef
  3122:23   warning  'math' is not defined                               no-undef
  3122:34   warning  'math' is not defined                               no-undef
  3122:48   warning  'math' is not defined                               no-undef
  3122:57   warning  'math' is not defined                               no-undef
  3122:81   warning  'math' is not defined                               no-undef
  3123:8    warning  'd2' is already defined                             no-redeclare
  3126:1    warning  Mixed spaces and tabs                               no-mixed-spaces-and-tabs
  3130:1    warning  Mixed spaces and tabs                               no-mixed-spaces-and-tabs
  3150:1    warning  Mixed spaces and tabs                               no-mixed-spaces-and-tabs
  3152:1    warning  Mixed spaces and tabs                               no-mixed-spaces-and-tabs
  3166:1    warning  Mixed spaces and tabs                               no-mixed-spaces-and-tabs
  3172:1    warning  Mixed spaces and tabs                               no-mixed-spaces-and-tabs
  3173:1    warning  Mixed spaces and tabs                               no-mixed-spaces-and-tabs
  3174:1    warning  Mixed spaces and tabs                               no-mixed-spaces-and-tabs
  3175:1    warning  Mixed spaces and tabs                               no-mixed-spaces-and-tabs
  3176:1    warning  Mixed spaces and tabs                               no-mixed-spaces-and-tabs
  3177:1    warning  Mixed spaces and tabs                               no-mixed-spaces-and-tabs
  3177:14   warning  'b0' is already defined                             no-redeclare
  3178:8    warning  'b1' is already defined                             no-redeclare
  3179:8    warning  'b2' is already defined                             no-redeclare
  3180:17   warning  'a0' is already defined                             no-redeclare
  3181:8    warning  'a1' is already defined                             no-redeclare
  3182:8    warning  'a2' is already defined                             no-redeclare
  3183:1    warning  Mixed spaces and tabs                               no-mixed-spaces-and-tabs
  3183:14   warning  'T' is already defined                              no-redeclare
  3185:11   warning  Mixed spaces and tabs                               no-mixed-spaces-and-tabs
  3186:1    warning  Mixed spaces and tabs                               no-mixed-spaces-and-tabs
  3188:8    warning  'part' is already defined                           no-redeclare
  3188:13   warning  'math' is not defined                               no-undef
  3188:27   warning  'math' is not defined                               no-undef
  3188:42   warning  'math' is not defined                               no-undef
  3192:8    warning  'part1' is already defined                          no-redeclare
  3192:14   warning  'math' is not defined                               no-undef
  3193:8    warning  'num1' is already defined                           no-redeclare
  3193:13   warning  'math' is not defined                               no-undef
  3194:8    warning  'den' is already defined                            no-redeclare
  3194:12   warning  'math' is not defined                               no-undef
  3195:4    warning  'R11' is not defined                                no-undef
  3195:8    warning  'math' is not defined                               no-undef
  3197:4    warning  'R1' is not defined                                 no-undef
  3197:9    warning  'math' is not defined                               no-undef
  3197:22   warning  'math' is not defined                               no-undef
  3197:34   warning  'math' is not defined                               no-undef
  3197:45   warning  'math' is not defined                               no-undef
  3197:59   warning  'R11' is not defined                                no-undef
  3197:79   warning  'math' is not defined                               no-undef
  3197:91   warning  'math' is not defined                               no-undef
  3197:102  warning  'math' is not defined                               no-undef
  3197:116  warning  'R11' is not defined                                no-undef
  3199:16   warning  'R1' is not defined                                 no-undef
  3200:16   warning  'R1' is not defined                                 no-undef
  3201:16   warning  'R1' is not defined                                 no-undef
  3203:8    warning  'num2' is already defined                           no-redeclare
  3203:13   warning  'math' is not defined                               no-undef
  3205:4    warning  'R2' is not defined                                 no-undef
  3205:7    warning  'math' is not defined                               no-undef
  3205:20   warning  'R1' is not defined                                 no-undef
  3205:27   warning  'R1' is not defined                                 no-undef
  3207:16   warning  'R2' is not defined                                 no-undef
  3209:8    warning  'e0' is already defined                             no-redeclare
  3209:11   warning  'math' is not defined                               no-undef
  3209:28   warning  'math' is not defined                               no-undef
  3209:45   warning  'math' is not defined                               no-undef
  3210:8    warning  'e1' is already defined                             no-redeclare
  3210:11   warning  'math' is not defined                               no-undef
  3210:28   warning  'math' is not defined                               no-undef
  3210:45   warning  'math' is not defined                               no-undef
  3211:8    warning  'A1' is already defined                             no-redeclare
  3211:11   warning  'math' is not defined                               no-undef
  3211:23   warning  'math' is not defined                               no-undef
  3211:32   warning  'math' is not defined                               no-undef
  3211:49   warning  'R1' is not defined                                 no-undef
  3211:57   warning  'math' is not defined                               no-undef
  3211:71   warning  'R1' is not defined                                 no-undef
  3211:74   warning  'R2' is not defined                                 no-undef
  3212:8    warning  'A2' is already defined                             no-redeclare
  3212:11   warning  'math' is not defined                               no-undef
  3212:23   warning  'math' is not defined                               no-undef
  3212:32   warning  'math' is not defined                               no-undef
  3212:49   warning  'R2' is not defined                                 no-undef
  3212:57   warning  'math' is not defined                               no-undef
  3212:71   warning  'R2' is not defined                                 no-undef
  3212:74   warning  'R1' is not defined                                 no-undef
  3214:6    warning  'TA1' is already defined                            no-redeclare
  3214:10   warning  'math' is not defined                               no-undef
  3214:22   warning  'math' is not defined                               no-undef
  3214:33   warning  'math' is not defined                               no-undef
  3214:47   warning  'math' is not defined                               no-undef
  3215:6    warning  'TA2' is already defined                            no-redeclare
  3215:10   warning  'math' is not defined                               no-undef
  3215:22   warning  'math' is not defined                               no-undef
  3215:33   warning  'math' is not defined                               no-undef
  3215:47   warning  'math' is not defined                               no-undef
  3216:6    warning  'eTp1' is already defined                           no-redeclare
  3216:11   warning  'math' is not defined                               no-undef
  3216:23   warning  'math' is not defined                               no-undef
  3216:34   warning  'math' is not defined                               no-undef
  3216:48   warning  'math' is not defined                               no-undef
  3216:57   warning  'math' is not defined                               no-undef
  3216:73   warning  'R1' is not defined                                 no-undef
  3217:6    warning  'eTp2' is already defined                           no-redeclare
  3217:11   warning  'math' is not defined                               no-undef
  3217:23   warning  'math' is not defined                               no-undef
  3217:34   warning  'math' is not defined                               no-undef
  3217:48   warning  'math' is not defined                               no-undef
  3217:57   warning  'math' is not defined                               no-undef
  3217:73   warning  'R2' is not defined                                 no-undef
  3218:6    warning  'c1' is already defined                             no-redeclare
  3218:9    warning  'math' is not defined                               no-undef
  3218:21   warning  'math' is not defined                               no-undef
  3218:32   warning  'math' is not defined                               no-undef
  3218:46   warning  'math' is not defined                               no-undef
  3219:6    warning  'c2' is already defined                             no-redeclare
  3219:9    warning  'math' is not defined                               no-undef
  3219:21   warning  'math' is not defined                               no-undef
  3219:32   warning  'math' is not defined                               no-undef
  3219:46   warning  'math' is not defined                               no-undef
  3220:6    warning  'd0' is already defined                             no-redeclare
  3220:9    warning  'math' is not defined                               no-undef
  3220:21   warning  'math' is not defined                               no-undef
  3220:32   warning  'math' is not defined                               no-undef
  3220:46   warning  'math' is not defined                               no-undef
  3221:6    warning  'd1' is already defined                             no-redeclare
  3221:9    warning  'math' is not defined                               no-undef
  3221:21   warning  'math' is not defined                               no-undef
  3221:32   warning  'math' is not defined                               no-undef
  3221:46   warning  'math' is not defined                               no-undef
  3221:55   warning  'math' is not defined                               no-undef
  3221:79   warning  'math' is not defined                               no-undef
  3222:6    warning  'd2' is already defined                             no-redeclare
  3225:1    warning  Mixed spaces and tabs                               no-mixed-spaces-and-tabs
  3229:1    warning  Mixed spaces and tabs                               no-mixed-spaces-and-tabs
  3249:1    warning  Mixed spaces and tabs                               no-mixed-spaces-and-tabs
  3251:1    warning  Mixed spaces and tabs                               no-mixed-spaces-and-tabs
  3263:8    warning  'part1' is already defined                          no-redeclare
  3263:14   warning  'math' is not defined                               no-undef
  3264:8    warning  'num1' is already defined                           no-redeclare
  3264:13   warning  'math' is not defined                               no-undef
  3265:8    warning  'num2' is already defined                           no-redeclare
  3265:13   warning  'math' is not defined                               no-undef
  3266:8    warning  'den' is already defined                            no-redeclare
  3266:12   warning  'math' is not defined                               no-undef
  3267:4    warning  'R1' is not defined                                 no-undef
  3267:7    warning  'math' is not defined                               no-undef
  3268:4    warning  'R2' is not defined                                 no-undef
  3268:7    warning  'math' is not defined                               no-undef
  3270:8    warning  'R1' is not defined                                 no-undef
  3270:12   warning  'R2' is not defined                                 no-undef
  3272:8    warning  'd' is already defined                              no-redeclare
  3272:12   warning  'R1' is not defined                                 no-undef
  3274:8    warning  'e0' is already defined                             no-redeclare
  3274:11   warning  'math' is not defined                               no-undef
  3274:23   warning  'math' is not defined                               no-undef
  3275:8    warning  'e1' is already defined                             no-redeclare
  3275:11   warning  'math' is not defined                               no-undef
  3275:28   warning  'math' is not defined                               no-undef
  3277:8    warning  'A1' is already defined                             no-redeclare
  3277:11   warning  'math' is not defined                               no-undef
  3277:23   warning  'math' is not defined                               no-undef
  3278:8    warning  'A2' is already defined                             no-redeclare
  3278:11   warning  'math' is not defined                               no-undef
  3278:23   warning  'math' is not defined                               no-undef
  3278:43   warning  'math' is not defined                               no-undef
  3280:8    warning  'b0a0' is already defined                           no-redeclare
  3280:15   warning  'math' is not defined                               no-undef
  3280:27   warning  'math' is not defined                               no-undef
  3280:38   warning  'math' is not defined                               no-undef
  3280:52   warning  'math' is not defined                               no-undef
  3282:8    warning  'Tb0a0' is already defined                          no-redeclare
  3282:16   warning  'math' is not defined                               no-undef
  3282:28   warning  'math' is not defined                               no-undef
  3282:39   warning  'math' is not defined                               no-undef
  3282:53   warning  'math' is not defined                               no-undef
  3285:8    warning  'TA1' is already defined                            no-redeclare
  3285:12   warning  'math' is not defined                               no-undef
  3285:24   warning  'math' is not defined                               no-undef
  3285:35   warning  'math' is not defined                               no-undef
  3285:49   warning  'math' is not defined                               no-undef
  3286:8    warning  'TA2' is already defined                            no-redeclare
  3286:12   warning  'math' is not defined                               no-undef
  3286:24   warning  'math' is not defined                               no-undef
  3286:35   warning  'math' is not defined                               no-undef
  3286:49   warning  'math' is not defined                               no-undef
  3287:8    warning  'eTp1' is already defined                           no-redeclare
  3287:13   warning  'math' is not defined                               no-undef
  3287:25   warning  'math' is not defined                               no-undef
  3287:36   warning  'math' is not defined                               no-undef
  3287:50   warning  'math' is not defined                               no-undef
  3287:59   warning  'math' is not defined                               no-undef
  3287:75   warning  'R1' is not defined                                 no-undef
  3288:8    warning  'eTp2' is already defined                           no-redeclare
  3288:13   warning  'math' is not defined                               no-undef
  3288:25   warning  'math' is not defined                               no-undef
  3288:36   warning  'math' is not defined                               no-undef
  3288:50   warning  'math' is not defined                               no-undef
  3288:59   warning  'math' is not defined                               no-undef
  3288:75   warning  'R2' is not defined                                 no-undef
  3290:8    warning  'c1' is already defined                             no-redeclare
  3290:11   warning  'math' is not defined                               no-undef
  3290:23   warning  'math' is not defined                               no-undef
  3290:34   warning  'math' is not defined                               no-undef
  3290:48   warning  'math' is not defined                               no-undef
  3291:8    warning  'c2' is already defined                             no-redeclare
  3291:11   warning  'math' is not defined                               no-undef
  3291:23   warning  'math' is not defined                               no-undef
  3291:34   warning  'math' is not defined                               no-undef
  3291:48   warning  'math' is not defined                               no-undef
  3293:8    warning  'd0' is already defined                             no-redeclare
  3293:11   warning  'math' is not defined                               no-undef
  3293:23   warning  'math' is not defined                               no-undef
  3293:34   warning  'math' is not defined                               no-undef
  3293:48   warning  'math' is not defined                               no-undef
  3294:8    warning  'd1' is already defined                             no-redeclare
  3294:11   warning  'math' is not defined                               no-undef
  3294:23   warning  'math' is not defined                               no-undef
  3294:34   warning  'math' is not defined                               no-undef
  3294:48   warning  'math' is not defined                               no-undef
  3294:57   warning  'math' is not defined                               no-undef
  3294:86   warning  'math' is not defined                               no-undef
  3294:110  warning  'math' is not defined                               no-undef
  3299:8    warning  'd2' is already defined                             no-redeclare
  3302:1    warning  Mixed spaces and tabs                               no-mixed-spaces-and-tabs
  3309:1    warning  Mixed spaces and tabs                               no-mixed-spaces-and-tabs
  3329:1    warning  Mixed spaces and tabs                               no-mixed-spaces-and-tabs
  3331:1    warning  Mixed spaces and tabs                               no-mixed-spaces-and-tabs
  3338:8    warning  'e0' is already defined                             no-redeclare
  3338:11   warning  'math' is not defined                               no-undef
  3338:28   warning  'math' is not defined                               no-undef
  3338:45   warning  'math' is not defined                               no-undef
  3339:8    warning  'e1' is already defined                             no-redeclare
  3339:11   warning  'math' is not defined                               no-undef
  3339:28   warning  'math' is not defined                               no-undef
  3339:45   warning  'math' is not defined                               no-undef
  3340:8    warning  'A1' is already defined                             no-redeclare
  3340:11   warning  'math' is not defined                               no-undef
  3340:23   warning  'math' is not defined                               no-undef
  3340:32   warning  'math' is not defined                               no-undef
  3340:49   warning  'R1' is not defined                                 no-undef
  3340:57   warning  'math' is not defined                               no-undef
  3340:71   warning  'R1' is not defined                                 no-undef
  3340:74   warning  'R2' is not defined                                 no-undef
  3341:8    warning  'A2' is already defined                             no-redeclare
  3341:11   warning  'math' is not defined                               no-undef
  3341:23   warning  'math' is not defined                               no-undef
  3341:32   warning  'math' is not defined                               no-undef
  3341:49   warning  'R2' is not defined                                 no-undef
  3341:57   warning  'math' is not defined                               no-undef
  3341:71   warning  'R2' is not defined                                 no-undef
  3341:74   warning  'R1' is not defined                                 no-undef
  3343:8    warning  'TA1' is already defined                            no-redeclare
  3343:12   warning  'math' is not defined                               no-undef
  3343:24   warning  'math' is not defined                               no-undef
  3343:35   warning  'math' is not defined                               no-undef
  3343:49   warning  'math' is not defined                               no-undef
  3344:8    warning  'TA2' is already defined                            no-redeclare
  3344:12   warning  'math' is not defined                               no-undef
  3344:24   warning  'math' is not defined                               no-undef
  3344:35   warning  'math' is not defined                               no-undef
  3344:49   warning  'math' is not defined                               no-undef
  3345:8    warning  'eTp1' is already defined                           no-redeclare
  3345:13   warning  'math' is not defined                               no-undef
  3345:25   warning  'math' is not defined                               no-undef
  3345:36   warning  'math' is not defined                               no-undef
  3345:50   warning  'math' is not defined                               no-undef
  3345:59   warning  'math' is not defined                               no-undef
  3345:75   warning  'R1' is not defined                                 no-undef
  3346:8    warning  'eTp2' is already defined                           no-redeclare
  3346:13   warning  'math' is not defined                               no-undef
  3346:25   warning  'math' is not defined                               no-undef
  3346:36   warning  'math' is not defined                               no-undef
  3346:50   warning  'math' is not defined                               no-undef
  3346:59   warning  'math' is not defined                               no-undef
  3346:75   warning  'R2' is not defined                                 no-undef
  3347:8    warning  'c1' is already defined                             no-redeclare
  3347:11   warning  'math' is not defined                               no-undef
  3347:23   warning  'math' is not defined                               no-undef
  3347:34   warning  'math' is not defined                               no-undef
  3347:48   warning  'math' is not defined                               no-undef
  3348:8    warning  'c2' is already defined                             no-redeclare
  3348:11   warning  'math' is not defined                               no-undef
  3348:23   warning  'math' is not defined                               no-undef
  3348:34   warning  'math' is not defined                               no-undef
  3348:48   warning  'math' is not defined                               no-undef
  3349:8    warning  'd0' is already defined                             no-redeclare
  3349:11   warning  'math' is not defined                               no-undef
  3349:23   warning  'math' is not defined                               no-undef
  3349:34   warning  'math' is not defined                               no-undef
  3349:48   warning  'math' is not defined                               no-undef
  3350:8    warning  'd1' is already defined                             no-redeclare
  3350:11   warning  'math' is not defined                               no-undef
  3350:23   warning  'math' is not defined                               no-undef
  3350:34   warning  'math' is not defined                               no-undef
  3350:48   warning  'math' is not defined                               no-undef
  3350:57   warning  'math' is not defined                               no-undef
  3350:81   warning  'math' is not defined                               no-undef
  3351:8    warning  'd2' is already defined                             no-redeclare
  3354:1    warning  Mixed spaces and tabs                               no-mixed-spaces-and-tabs
  3358:1    warning  Mixed spaces and tabs                               no-mixed-spaces-and-tabs
  3378:1    warning  Mixed spaces and tabs                               no-mixed-spaces-and-tabs
  3380:1    warning  Mixed spaces and tabs                               no-mixed-spaces-and-tabs
  3412:6    warning  'outputText6' is defined but never used             no-unused-vars
  3413:6    warning  'outputText6_1' is defined but never used           no-unused-vars
  3417:1    warning  Mixed spaces and tabs                               no-mixed-spaces-and-tabs
  3418:1    warning  Mixed spaces and tabs                               no-mixed-spaces-and-tabs
  3419:1    warning  Mixed spaces and tabs                               no-mixed-spaces-and-tabs
  3420:1    warning  Mixed spaces and tabs                               no-mixed-spaces-and-tabs
  3421:1    warning  Mixed spaces and tabs                               no-mixed-spaces-and-tabs
  3422:1    warning  Mixed spaces and tabs                               no-mixed-spaces-and-tabs
  3423:1    warning  Mixed spaces and tabs                               no-mixed-spaces-and-tabs
  3425:1    warning  Mixed spaces and tabs                               no-mixed-spaces-and-tabs
  3431:1    warning  Mixed spaces and tabs                               no-mixed-spaces-and-tabs
  3435:1    warning  Mixed spaces and tabs                               no-mixed-spaces-and-tabs
  3435:19   warning  'math' is not defined                               no-undef
  3435:33   warning  'math' is not defined                               no-undef
  3435:48   warning  'math' is not defined                               no-undef
  3437:14   warning  'math' is not defined                               no-undef
  3438:13   warning  'math' is not defined                               no-undef
  3439:13   warning  'math' is not defined                               no-undef
  3440:12   warning  'math' is not defined                               no-undef
  3441:4    warning  'R1' is not defined                                 no-undef
  3441:7    warning  'math' is not defined                               no-undef
  3442:4    warning  'R2' is not defined                                 no-undef
  3442:7    warning  'math' is not defined                               no-undef
  3444:8    warning  'R1' is not defined                                 no-undef
  3444:12   warning  'R2' is not defined                                 no-undef
  3478:10   warning  'math' is not defined                               no-undef
  3479:13   warning  'math' is not defined                               no-undef
  3479:30   warning  'math' is not defined                               no-undef
  3480:12   warning  'math' is not defined                               no-undef
  3481:13   warning  'math' is not defined                               no-undef
  3481:30   warning  'math' is not defined                               no-undef
  3482:12   warning  'math' is not defined                               no-undef
  3484:11   warning  'math' is not defined                               no-undef
  3484:23   warning  'math' is not defined                               no-undef
  3484:34   warning  'math' is not defined                               no-undef
  3484:48   warning  'math' is not defined                               no-undef
  3484:60   warning  'math' is not defined                               no-undef
  3484:82   warning  'math' is not defined                               no-undef
  3485:11   warning  'math' is not defined                               no-undef
  3485:23   warning  'math' is not defined                               no-undef
  3485:34   warning  'math' is not defined                               no-undef
  3485:48   warning  'math' is not defined                               no-undef
  3485:60   warning  'math' is not defined                               no-undef
  3485:87   warning  'math' is not defined                               no-undef
  3486:11   warning  'math' is not defined                               no-undef
  3486:23   warning  'math' is not defined                               no-undef
  3486:34   warning  'math' is not defined                               no-undef
  3486:48   warning  'math' is not defined                               no-undef
  3486:60   warning  'math' is not defined                               no-undef
  3486:83   warning  'math' is not defined                               no-undef
  3488:11   warning  'math' is not defined                               no-undef
  3488:23   warning  'math' is not defined                               no-undef
  3488:34   warning  'math' is not defined                               no-undef
  3488:48   warning  'math' is not defined                               no-undef
  3488:60   warning  'math' is not defined                               no-undef
  3488:87   warning  'math' is not defined                               no-undef
  3489:11   warning  'math' is not defined                               no-undef
  3489:23   warning  'math' is not defined                               no-undef
  3489:34   warning  'math' is not defined                               no-undef
  3489:48   warning  'math' is not defined                               no-undef
  3489:60   warning  'math' is not defined                               no-undef
  3489:83   warning  'math' is not defined                               no-undef
  3492:1    warning  Mixed spaces and tabs                               no-mixed-spaces-and-tabs
  3493:1    warning  Mixed spaces and tabs                               no-mixed-spaces-and-tabs
  3494:3    warning  Mixed spaces and tabs                               no-mixed-spaces-and-tabs
  3497:1    warning  Mixed spaces and tabs                               no-mixed-spaces-and-tabs
  3506:1    warning  Mixed spaces and tabs                               no-mixed-spaces-and-tabs
  3506:14   warning  'k' is already defined                              no-redeclare
  3506:16   warning  'math' is not defined                               no-undef
  3507:8    warning  'b0k2' is already defined                           no-redeclare
  3507:13   warning  'math' is not defined                               no-undef
  3507:30   warning  'math' is not defined                               no-undef
  3508:8    warning  'b1k' is already defined                            no-redeclare
  3508:12   warning  'math' is not defined                               no-undef
  3509:8    warning  'a0k2' is already defined                           no-redeclare
  3509:13   warning  'math' is not defined                               no-undef
  3509:30   warning  'math' is not defined                               no-undef
  3510:8    warning  'a1k' is already defined                            no-redeclare
  3510:12   warning  'math' is not defined                               no-undef
  3512:8    warning  'd0' is already defined                             no-redeclare
  3512:11   warning  'math' is not defined                               no-undef
  3512:23   warning  'math' is not defined                               no-undef
  3512:34   warning  'math' is not defined                               no-undef
  3512:48   warning  'math' is not defined                               no-undef
  3512:60   warning  'math' is not defined                               no-undef
  3512:82   warning  'math' is not defined                               no-undef
  3513:8    warning  'd1' is already defined                             no-redeclare
  3513:11   warning  'math' is not defined                               no-undef
  3513:23   warning  'math' is not defined                               no-undef
  3513:34   warning  'math' is not defined                               no-undef
  3513:48   warning  'math' is not defined                               no-undef
  3513:60   warning  'math' is not defined                               no-undef
  3513:87   warning  'math' is not defined                               no-undef
  3514:8    warning  'd2' is already defined                             no-redeclare
  3514:11   warning  'math' is not defined                               no-undef
  3514:23   warning  'math' is not defined                               no-undef
  3514:34   warning  'math' is not defined                               no-undef
  3514:48   warning  'math' is not defined                               no-undef
  3514:60   warning  'math' is not defined                               no-undef
  3514:83   warning  'math' is not defined                               no-undef
  3516:8    warning  'c1' is already defined                             no-redeclare
  3516:11   warning  'math' is not defined                               no-undef
  3516:23   warning  'math' is not defined                               no-undef
  3516:34   warning  'math' is not defined                               no-undef
  3516:48   warning  'math' is not defined                               no-undef
  3516:60   warning  'math' is not defined                               no-undef
  3516:87   warning  'math' is not defined                               no-undef
  3517:8    warning  'c2' is already defined                             no-redeclare
  3517:11   warning  'math' is not defined                               no-undef
  3517:23   warning  'math' is not defined                               no-undef
  3517:34   warning  'math' is not defined                               no-undef
  3517:48   warning  'math' is not defined                               no-undef
  3517:60   warning  'math' is not defined                               no-undef
  3517:83   warning  'math' is not defined                               no-undef
  3520:1    warning  Mixed spaces and tabs                               no-mixed-spaces-and-tabs
  3521:1    warning  Mixed spaces and tabs                               no-mixed-spaces-and-tabs
  3522:3    warning  Mixed spaces and tabs                               no-mixed-spaces-and-tabs
  3525:1    warning  Mixed spaces and tabs                               no-mixed-spaces-and-tabs
  3538:1    warning  Mixed spaces and tabs                               no-mixed-spaces-and-tabs
  3539:1    warning  Mixed spaces and tabs                               no-mixed-spaces-and-tabs
  3540:1    warning  Mixed spaces and tabs                               no-mixed-spaces-and-tabs
  3541:1    warning  Mixed spaces and tabs                               no-mixed-spaces-and-tabs
  3542:1    warning  Mixed spaces and tabs                               no-mixed-spaces-and-tabs
  3543:1    warning  Mixed spaces and tabs                               no-mixed-spaces-and-tabs
  3545:1    warning  Mixed spaces and tabs                               no-mixed-spaces-and-tabs
  3547:1    warning  Mixed spaces and tabs                               no-mixed-spaces-and-tabs
  3547:14   warning  'b0' is already defined                             no-redeclare
  3548:8    warning  'b1' is already defined                             no-redeclare
  3549:8    warning  'b2' is already defined                             no-redeclare
  3550:17   warning  'a0' is already defined                             no-redeclare
  3551:8    warning  'a1' is already defined                             no-redeclare
  3552:8    warning  'a2' is already defined                             no-redeclare
  3553:1    warning  Mixed spaces and tabs                               no-mixed-spaces-and-tabs
  3553:14   warning  'T' is already defined                              no-redeclare
  3557:1    warning  Mixed spaces and tabs                               no-mixed-spaces-and-tabs
  3557:14   warning  'part' is already defined                           no-redeclare
  3557:19   warning  'math' is not defined                               no-undef
  3557:33   warning  'math' is not defined                               no-undef
  3557:48   warning  'math' is not defined                               no-undef
  3559:8    warning  'part1' is already defined                          no-redeclare
  3559:14   warning  'math' is not defined                               no-undef
  3560:8    warning  'num1' is already defined                           no-redeclare
  3560:13   warning  'math' is not defined                               no-undef
  3561:8    warning  'num2' is already defined                           no-redeclare
  3561:13   warning  'math' is not defined                               no-undef
  3562:8    warning  'den' is already defined                            no-redeclare
  3562:12   warning  'math' is not defined                               no-undef
  3563:4    warning  'R1' is not defined                                 no-undef
  3563:7    warning  'math' is not defined                               no-undef
  3564:4    warning  'R2' is not defined                                 no-undef
  3564:7    warning  'math' is not defined                               no-undef
  3566:8    warning  'R1' is not defined                                 no-undef
  3566:12   warning  'R2' is not defined                                 no-undef
  3600:8    warning  'k' is already defined                              no-redeclare
  3600:10   warning  'math' is not defined                               no-undef
  3601:8    warning  'b0k2' is already defined                           no-redeclare
  3601:13   warning  'math' is not defined                               no-undef
  3601:30   warning  'math' is not defined                               no-undef
  3602:8    warning  'b1k' is already defined                            no-redeclare
  3602:12   warning  'math' is not defined                               no-undef
  3603:8    warning  'a0k2' is already defined                           no-redeclare
  3603:13   warning  'math' is not defined                               no-undef
  3603:30   warning  'math' is not defined                               no-undef
  3604:8    warning  'a1k' is already defined                            no-redeclare
  3604:12   warning  'math' is not defined                               no-undef
  3606:8    warning  'd0' is already defined                             no-redeclare
  3606:11   warning  'math' is not defined                               no-undef
  3606:23   warning  'math' is not defined                               no-undef
  3606:34   warning  'math' is not defined                               no-undef
  3606:48   warning  'math' is not defined                               no-undef
  3606:60   warning  'math' is not defined                               no-undef
  3606:82   warning  'math' is not defined                               no-undef
  3607:8    warning  'd1' is already defined                             no-redeclare
  3607:11   warning  'math' is not defined                               no-undef
  3607:23   warning  'math' is not defined                               no-undef
  3607:34   warning  'math' is not defined                               no-undef
  3607:48   warning  'math' is not defined                               no-undef
  3607:60   warning  'math' is not defined                               no-undef
  3607:87   warning  'math' is not defined                               no-undef
  3608:8    warning  'd2' is already defined                             no-redeclare
  3608:11   warning  'math' is not defined                               no-undef
  3608:23   warning  'math' is not defined                               no-undef
  3608:34   warning  'math' is not defined                               no-undef
  3608:48   warning  'math' is not defined                               no-undef
  3608:60   warning  'math' is not defined                               no-undef
  3608:83   warning  'math' is not defined                               no-undef
  3610:8    warning  'c1' is already defined                             no-redeclare
  3610:11   warning  'math' is not defined                               no-undef
  3610:23   warning  'math' is not defined                               no-undef
  3610:34   warning  'math' is not defined                               no-undef
  3610:48   warning  'math' is not defined                               no-undef
  3610:60   warning  'math' is not defined                               no-undef
  3610:87   warning  'math' is not defined                               no-undef
  3611:8    warning  'c2' is already defined                             no-redeclare
  3611:11   warning  'math' is not defined                               no-undef
  3611:23   warning  'math' is not defined                               no-undef
  3611:34   warning  'math' is not defined                               no-undef
  3611:48   warning  'math' is not defined                               no-undef
  3611:60   warning  'math' is not defined                               no-undef
  3611:83   warning  'math' is not defined                               no-undef
  3614:1    warning  Mixed spaces and tabs                               no-mixed-spaces-and-tabs
  3615:1    warning  Mixed spaces and tabs                               no-mixed-spaces-and-tabs
  3616:3    warning  Mixed spaces and tabs                               no-mixed-spaces-and-tabs
  3619:1    warning  Mixed spaces and tabs                               no-mixed-spaces-and-tabs
  3628:1    warning  Mixed spaces and tabs                               no-mixed-spaces-and-tabs
  3628:14   warning  'k' is already defined                              no-redeclare
  3628:16   warning  'math' is not defined                               no-undef
  3629:8    warning  'b0k2' is already defined                           no-redeclare
  3629:13   warning  'math' is not defined                               no-undef
  3629:30   warning  'math' is not defined                               no-undef
  3630:8    warning  'b1k' is already defined                            no-redeclare
  3630:12   warning  'math' is not defined                               no-undef
  3631:8    warning  'a0k2' is already defined                           no-redeclare
  3631:13   warning  'math' is not defined                               no-undef
  3631:30   warning  'math' is not defined                               no-undef
  3632:8    warning  'a1k' is already defined                            no-redeclare
  3632:12   warning  'math' is not defined                               no-undef
  3634:8    warning  'd0' is already defined                             no-redeclare
  3634:11   warning  'math' is not defined                               no-undef
  3634:23   warning  'math' is not defined                               no-undef
  3634:34   warning  'math' is not defined                               no-undef
  3634:48   warning  'math' is not defined                               no-undef
  3634:60   warning  'math' is not defined                               no-undef
  3634:82   warning  'math' is not defined                               no-undef
  3635:8    warning  'd1' is already defined                             no-redeclare
  3635:11   warning  'math' is not defined                               no-undef
  3635:23   warning  'math' is not defined                               no-undef
  3635:34   warning  'math' is not defined                               no-undef
  3635:48   warning  'math' is not defined                               no-undef
  3635:60   warning  'math' is not defined                               no-undef
  3635:87   warning  'math' is not defined                               no-undef
  3636:8    warning  'd2' is already defined                             no-redeclare
  3636:11   warning  'math' is not defined                               no-undef
  3636:23   warning  'math' is not defined                               no-undef
  3636:34   warning  'math' is not defined                               no-undef
  3636:48   warning  'math' is not defined                               no-undef
  3636:60   warning  'math' is not defined                               no-undef
  3636:83   warning  'math' is not defined                               no-undef
  3638:8    warning  'c1' is already defined                             no-redeclare
  3638:11   warning  'math' is not defined                               no-undef
  3638:23   warning  'math' is not defined                               no-undef
  3638:34   warning  'math' is not defined                               no-undef
  3638:48   warning  'math' is not defined                               no-undef
  3638:60   warning  'math' is not defined                               no-undef
  3638:87   warning  'math' is not defined                               no-undef
  3639:8    warning  'c2' is already defined                             no-redeclare
  3639:11   warning  'math' is not defined                               no-undef
  3639:23   warning  'math' is not defined                               no-undef
  3639:34   warning  'math' is not defined                               no-undef
  3639:48   warning  'math' is not defined                               no-undef
  3639:60   warning  'math' is not defined                               no-undef
  3639:83   warning  'math' is not defined                               no-undef
  3642:1    warning  Mixed spaces and tabs                               no-mixed-spaces-and-tabs
  3643:1    warning  Mixed spaces and tabs                               no-mixed-spaces-and-tabs
  3644:3    warning  Mixed spaces and tabs                               no-mixed-spaces-and-tabs
  3647:1    warning  Mixed spaces and tabs                               no-mixed-spaces-and-tabs
  3659:1    warning  Mixed spaces and tabs                               no-mixed-spaces-and-tabs
  3660:1    warning  Mixed spaces and tabs                               no-mixed-spaces-and-tabs
  3661:1    warning  Mixed spaces and tabs                               no-mixed-spaces-and-tabs
  3662:1    warning  Mixed spaces and tabs                               no-mixed-spaces-and-tabs
  3663:1    warning  Mixed spaces and tabs                               no-mixed-spaces-and-tabs
  3664:1    warning  Mixed spaces and tabs                               no-mixed-spaces-and-tabs
  3667:1    warning  Mixed spaces and tabs                               no-mixed-spaces-and-tabs
  3669:1    warning  Mixed spaces and tabs                               no-mixed-spaces-and-tabs
  3669:14   warning  'b0' is already defined                             no-redeclare
  3670:8    warning  'b1' is already defined                             no-redeclare
  3671:8    warning  'b2' is already defined                             no-redeclare
  3672:17   warning  'a0' is already defined                             no-redeclare
  3673:8    warning  'a1' is already defined                             no-redeclare
  3674:8    warning  'a2' is already defined                             no-redeclare
  3675:1    warning  Mixed spaces and tabs                               no-mixed-spaces-and-tabs
  3675:14   warning  'T' is already defined                              no-redeclare
  3679:1    warning  Mixed spaces and tabs                               no-mixed-spaces-and-tabs
  3679:14   warning  'part' is already defined                           no-redeclare
  3679:19   warning  'math' is not defined                               no-undef
  3679:33   warning  'math' is not defined                               no-undef
  3679:48   warning  'math' is not defined                               no-undef
  3681:8    warning  'part1' is already defined                          no-redeclare
  3681:14   warning  'math' is not defined                               no-undef
  3682:8    warning  'num1' is already defined                           no-redeclare
  3682:13   warning  'math' is not defined                               no-undef
  3683:8    warning  'num2' is already defined                           no-redeclare
  3683:13   warning  'math' is not defined                               no-undef
  3684:8    warning  'den' is already defined                            no-redeclare
  3684:12   warning  'math' is not defined                               no-undef
  3685:4    warning  'R1' is not defined                                 no-undef
  3685:7    warning  'math' is not defined                               no-undef
  3686:4    warning  'R2' is not defined                                 no-undef
  3686:7    warning  'math' is not defined                               no-undef
  3688:8    warning  'R1' is not defined                                 no-undef
  3688:12   warning  'R2' is not defined                                 no-undef
  3722:8    warning  'k' is already defined                              no-redeclare
  3722:10   warning  'math' is not defined                               no-undef
  3723:8    warning  'b0k2' is already defined                           no-redeclare
  3723:13   warning  'math' is not defined                               no-undef
  3723:30   warning  'math' is not defined                               no-undef
  3724:8    warning  'b1k' is already defined                            no-redeclare
  3724:12   warning  'math' is not defined                               no-undef
  3725:8    warning  'a0k2' is already defined                           no-redeclare
  3725:13   warning  'math' is not defined                               no-undef
  3725:30   warning  'math' is not defined                               no-undef
  3726:8    warning  'a1k' is already defined                            no-redeclare
  3726:12   warning  'math' is not defined                               no-undef
  3728:8    warning  'd0' is already defined                             no-redeclare
  3728:11   warning  'math' is not defined                               no-undef
  3728:23   warning  'math' is not defined                               no-undef
  3728:34   warning  'math' is not defined                               no-undef
  3728:48   warning  'math' is not defined                               no-undef
  3728:60   warning  'math' is not defined                               no-undef
  3728:82   warning  'math' is not defined                               no-undef
  3729:8    warning  'd1' is already defined                             no-redeclare
  3729:11   warning  'math' is not defined                               no-undef
  3729:23   warning  'math' is not defined                               no-undef
  3729:34   warning  'math' is not defined                               no-undef
  3729:48   warning  'math' is not defined                               no-undef
  3729:60   warning  'math' is not defined                               no-undef
  3729:87   warning  'math' is not defined                               no-undef
  3730:8    warning  'd2' is already defined                             no-redeclare
  3730:11   warning  'math' is not defined                               no-undef
  3730:23   warning  'math' is not defined                               no-undef
  3730:34   warning  'math' is not defined                               no-undef
  3730:48   warning  'math' is not defined                               no-undef
  3730:60   warning  'math' is not defined                               no-undef
  3730:83   warning  'math' is not defined                               no-undef
  3732:8    warning  'c1' is already defined                             no-redeclare
  3732:11   warning  'math' is not defined                               no-undef
  3732:23   warning  'math' is not defined                               no-undef
  3732:34   warning  'math' is not defined                               no-undef
  3732:48   warning  'math' is not defined                               no-undef
  3732:60   warning  'math' is not defined                               no-undef
  3732:87   warning  'math' is not defined                               no-undef
  3733:8    warning  'c2' is already defined                             no-redeclare
  3733:11   warning  'math' is not defined                               no-undef
  3733:23   warning  'math' is not defined                               no-undef
  3733:34   warning  'math' is not defined                               no-undef
  3733:48   warning  'math' is not defined                               no-undef
  3733:60   warning  'math' is not defined                               no-undef
  3733:83   warning  'math' is not defined                               no-undef
  3736:1    warning  Mixed spaces and tabs                               no-mixed-spaces-and-tabs
  3737:1    warning  Mixed spaces and tabs                               no-mixed-spaces-and-tabs
  3738:3    warning  Mixed spaces and tabs                               no-mixed-spaces-and-tabs
  3741:1    warning  Mixed spaces and tabs                               no-mixed-spaces-and-tabs
  3750:1    warning  Mixed spaces and tabs                               no-mixed-spaces-and-tabs
  3750:14   warning  'k' is already defined                              no-redeclare
  3750:16   warning  'math' is not defined                               no-undef
  3751:8    warning  'b0k2' is already defined                           no-redeclare
  3751:13   warning  'math' is not defined                               no-undef
  3751:30   warning  'math' is not defined                               no-undef
  3752:8    warning  'b1k' is already defined                            no-redeclare
  3752:12   warning  'math' is not defined                               no-undef
  3753:8    warning  'a0k2' is already defined                           no-redeclare
  3753:13   warning  'math' is not defined                               no-undef
  3753:30   warning  'math' is not defined                               no-undef
  3754:8    warning  'a1k' is already defined                            no-redeclare
  3754:12   warning  'math' is not defined                               no-undef
  3756:8    warning  'd0' is already defined                             no-redeclare
  3756:11   warning  'math' is not defined                               no-undef
  3756:23   warning  'math' is not defined                               no-undef
  3756:34   warning  'math' is not defined                               no-undef
  3756:48   warning  'math' is not defined                               no-undef
  3756:60   warning  'math' is not defined                               no-undef
  3756:82   warning  'math' is not defined                               no-undef
  3757:8    warning  'd1' is already defined                             no-redeclare
  3757:11   warning  'math' is not defined                               no-undef
  3757:23   warning  'math' is not defined                               no-undef
  3757:34   warning  'math' is not defined                               no-undef
  3757:48   warning  'math' is not defined                               no-undef
  3757:60   warning  'math' is not defined                               no-undef
  3757:87   warning  'math' is not defined                               no-undef
  3758:8    warning  'd2' is already defined                             no-redeclare
  3758:11   warning  'math' is not defined                               no-undef
  3758:23   warning  'math' is not defined                               no-undef
  3758:34   warning  'math' is not defined                               no-undef
  3758:48   warning  'math' is not defined                               no-undef
  3758:60   warning  'math' is not defined                               no-undef
  3758:83   warning  'math' is not defined                               no-undef
  3760:8    warning  'c1' is already defined                             no-redeclare
  3760:11   warning  'math' is not defined                               no-undef
  3760:23   warning  'math' is not defined                               no-undef
  3760:34   warning  'math' is not defined                               no-undef
  3760:48   warning  'math' is not defined                               no-undef
  3760:60   warning  'math' is not defined                               no-undef
  3760:87   warning  'math' is not defined                               no-undef
  3761:8    warning  'c2' is already defined                             no-redeclare
  3761:11   warning  'math' is not defined                               no-undef
  3761:23   warning  'math' is not defined                               no-undef
  3761:34   warning  'math' is not defined                               no-undef
  3761:48   warning  'math' is not defined                               no-undef
  3761:60   warning  'math' is not defined                               no-undef
  3761:83   warning  'math' is not defined                               no-undef
  3764:1    warning  Mixed spaces and tabs                               no-mixed-spaces-and-tabs
  3765:1    warning  Mixed spaces and tabs                               no-mixed-spaces-and-tabs
  3766:3    warning  Mixed spaces and tabs                               no-mixed-spaces-and-tabs
  3769:1    warning  Mixed spaces and tabs                               no-mixed-spaces-and-tabs
  3782:1    warning  Mixed spaces and tabs                               no-mixed-spaces-and-tabs
  3783:1    warning  Mixed spaces and tabs                               no-mixed-spaces-and-tabs
  3784:1    warning  Mixed spaces and tabs                               no-mixed-spaces-and-tabs
  3785:1    warning  Mixed spaces and tabs                               no-mixed-spaces-and-tabs
  3786:1    warning  Mixed spaces and tabs                               no-mixed-spaces-and-tabs
  3787:1    warning  Mixed spaces and tabs                               no-mixed-spaces-and-tabs
  3791:1    warning  Mixed spaces and tabs                               no-mixed-spaces-and-tabs
  3793:1    warning  Mixed spaces and tabs                               no-mixed-spaces-and-tabs
  3793:14   warning  'b0' is already defined                             no-redeclare
  3794:8    warning  'b1' is already defined                             no-redeclare
  3795:8    warning  'b2' is already defined                             no-redeclare
  3796:17   warning  'a0' is already defined                             no-redeclare
  3797:8    warning  'a1' is already defined                             no-redeclare
  3798:8    warning  'a2' is already defined                             no-redeclare
  3799:1    warning  Mixed spaces and tabs                               no-mixed-spaces-and-tabs
  3799:14   warning  'T' is already defined                              no-redeclare
  3803:1    warning  Mixed spaces and tabs                               no-mixed-spaces-and-tabs
  3803:14   warning  'part' is already defined                           no-redeclare
  3803:19   warning  'math' is not defined                               no-undef
  3803:33   warning  'math' is not defined                               no-undef
  3803:48   warning  'math' is not defined                               no-undef
  3805:8    warning  'part1' is already defined                          no-redeclare
  3805:14   warning  'math' is not defined                               no-undef
  3806:8    warning  'num1' is already defined                           no-redeclare
  3806:13   warning  'math' is not defined                               no-undef
  3807:8    warning  'num2' is already defined                           no-redeclare
  3807:13   warning  'math' is not defined                               no-undef
  3808:8    warning  'den' is already defined                            no-redeclare
  3808:12   warning  'math' is not defined                               no-undef
  3809:4    warning  'R1' is not defined                                 no-undef
  3809:7    warning  'math' is not defined                               no-undef
  3810:4    warning  'R2' is not defined                                 no-undef
  3810:7    warning  'math' is not defined                               no-undef
  3812:8    warning  'R1' is not defined                                 no-undef
  3812:12   warning  'R2' is not defined                                 no-undef
  3846:8    warning  'k' is already defined                              no-redeclare
  3846:10   warning  'math' is not defined                               no-undef
  3847:8    warning  'b0k2' is already defined                           no-redeclare
  3847:13   warning  'math' is not defined                               no-undef
  3847:30   warning  'math' is not defined                               no-undef
  3848:8    warning  'b1k' is already defined                            no-redeclare
  3848:12   warning  'math' is not defined                               no-undef
  3849:8    warning  'a0k2' is already defined                           no-redeclare
  3849:13   warning  'math' is not defined                               no-undef
  3849:30   warning  'math' is not defined                               no-undef
  3850:8    warning  'a1k' is already defined                            no-redeclare
  3850:12   warning  'math' is not defined                               no-undef
  3852:8    warning  'd0' is already defined                             no-redeclare
  3852:11   warning  'math' is not defined                               no-undef
  3852:23   warning  'math' is not defined                               no-undef
  3852:34   warning  'math' is not defined                               no-undef
  3852:48   warning  'math' is not defined                               no-undef
  3852:60   warning  'math' is not defined                               no-undef
  3852:82   warning  'math' is not defined                               no-undef
  3853:8    warning  'd1' is already defined                             no-redeclare
  3853:11   warning  'math' is not defined                               no-undef
  3853:23   warning  'math' is not defined                               no-undef
  3853:34   warning  'math' is not defined                               no-undef
  3853:48   warning  'math' is not defined                               no-undef
  3853:60   warning  'math' is not defined                               no-undef
  3853:87   warning  'math' is not defined                               no-undef
  3854:8    warning  'd2' is already defined                             no-redeclare
  3854:11   warning  'math' is not defined                               no-undef
  3854:23   warning  'math' is not defined                               no-undef
  3854:34   warning  'math' is not defined                               no-undef
  3854:48   warning  'math' is not defined                               no-undef
  3854:60   warning  'math' is not defined                               no-undef
  3854:83   warning  'math' is not defined                               no-undef
  3856:8    warning  'c1' is already defined                             no-redeclare
  3856:11   warning  'math' is not defined                               no-undef
  3856:23   warning  'math' is not defined                               no-undef
  3856:34   warning  'math' is not defined                               no-undef
  3856:48   warning  'math' is not defined                               no-undef
  3856:60   warning  'math' is not defined                               no-undef
  3856:87   warning  'math' is not defined                               no-undef
  3857:8    warning  'c2' is already defined                             no-redeclare
  3857:11   warning  'math' is not defined                               no-undef
  3857:23   warning  'math' is not defined                               no-undef
  3857:34   warning  'math' is not defined                               no-undef
  3857:48   warning  'math' is not defined                               no-undef
  3857:60   warning  'math' is not defined                               no-undef
  3857:83   warning  'math' is not defined                               no-undef
  3860:1    warning  Mixed spaces and tabs                               no-mixed-spaces-and-tabs
  3861:1    warning  Mixed spaces and tabs                               no-mixed-spaces-and-tabs
  3862:3    warning  Mixed spaces and tabs                               no-mixed-spaces-and-tabs
  3865:1    warning  Mixed spaces and tabs                               no-mixed-spaces-and-tabs
  3874:1    warning  Mixed spaces and tabs                               no-mixed-spaces-and-tabs
  3874:14   warning  'k' is already defined                              no-redeclare
  3874:16   warning  'math' is not defined                               no-undef
  3875:8    warning  'b0k2' is already defined                           no-redeclare
  3875:13   warning  'math' is not defined                               no-undef
  3875:30   warning  'math' is not defined                               no-undef
  3876:8    warning  'b1k' is already defined                            no-redeclare
  3876:12   warning  'math' is not defined                               no-undef
  3877:8    warning  'a0k2' is already defined                           no-redeclare
  3877:13   warning  'math' is not defined                               no-undef
  3877:30   warning  'math' is not defined                               no-undef
  3878:8    warning  'a1k' is already defined                            no-redeclare
  3878:12   warning  'math' is not defined                               no-undef
  3880:8    warning  'd0' is already defined                             no-redeclare
  3880:11   warning  'math' is not defined                               no-undef
  3880:23   warning  'math' is not defined                               no-undef
  3880:34   warning  'math' is not defined                               no-undef
  3880:48   warning  'math' is not defined                               no-undef
  3880:60   warning  'math' is not defined                               no-undef
  3880:82   warning  'math' is not defined                               no-undef
  3881:8    warning  'd1' is already defined                             no-redeclare
  3881:11   warning  'math' is not defined                               no-undef
  3881:23   warning  'math' is not defined                               no-undef
  3881:34   warning  'math' is not defined                               no-undef
  3881:48   warning  'math' is not defined                               no-undef
  3881:60   warning  'math' is not defined                               no-undef
  3881:87   warning  'math' is not defined                               no-undef
  3882:8    warning  'd2' is already defined                             no-redeclare
  3882:11   warning  'math' is not defined                               no-undef
  3882:23   warning  'math' is not defined                               no-undef
  3882:34   warning  'math' is not defined                               no-undef
  3882:48   warning  'math' is not defined                               no-undef
  3882:60   warning  'math' is not defined                               no-undef
  3882:83   warning  'math' is not defined                               no-undef
  3884:8    warning  'c1' is already defined                             no-redeclare
  3884:11   warning  'math' is not defined                               no-undef
  3884:23   warning  'math' is not defined                               no-undef
  3884:34   warning  'math' is not defined                               no-undef
  3884:48   warning  'math' is not defined                               no-undef
  3884:60   warning  'math' is not defined                               no-undef
  3884:87   warning  'math' is not defined                               no-undef
  3885:8    warning  'c2' is already defined                             no-redeclare
  3885:11   warning  'math' is not defined                               no-undef
  3885:23   warning  'math' is not defined                               no-undef
  3885:34   warning  'math' is not defined                               no-undef
  3885:48   warning  'math' is not defined                               no-undef
  3885:60   warning  'math' is not defined                               no-undef
  3885:83   warning  'math' is not defined                               no-undef
  3888:1    warning  Mixed spaces and tabs                               no-mixed-spaces-and-tabs
  3889:1    warning  Mixed spaces and tabs                               no-mixed-spaces-and-tabs
  3890:3    warning  Mixed spaces and tabs                               no-mixed-spaces-and-tabs
  3893:1    warning  Mixed spaces and tabs                               no-mixed-spaces-and-tabs
  3906:1    warning  Mixed spaces and tabs                               no-mixed-spaces-and-tabs
  3907:1    warning  Mixed spaces and tabs                               no-mixed-spaces-and-tabs
  3908:1    warning  Mixed spaces and tabs                               no-mixed-spaces-and-tabs
  3909:1    warning  Mixed spaces and tabs                               no-mixed-spaces-and-tabs
  3910:1    warning  Mixed spaces and tabs                               no-mixed-spaces-and-tabs
  3911:1    warning  Mixed spaces and tabs                               no-mixed-spaces-and-tabs
  3916:1    warning  Mixed spaces and tabs                               no-mixed-spaces-and-tabs
  3918:1    warning  Mixed spaces and tabs                               no-mixed-spaces-and-tabs
  3918:14   warning  'b0' is already defined                             no-redeclare
  3919:8    warning  'b1' is already defined                             no-redeclare
  3920:8    warning  'b2' is already defined                             no-redeclare
  3921:17   warning  'a0' is already defined                             no-redeclare
  3922:8    warning  'a1' is already defined                             no-redeclare
  3923:8    warning  'a2' is already defined                             no-redeclare
  3924:1    warning  Mixed spaces and tabs                               no-mixed-spaces-and-tabs
  3924:14   warning  'T' is already defined                              no-redeclare
  3928:1    warning  Mixed spaces and tabs                               no-mixed-spaces-and-tabs
  3928:14   warning  'part' is already defined                           no-redeclare
  3928:19   warning  'math' is not defined                               no-undef
  3928:33   warning  'math' is not defined                               no-undef
  3928:48   warning  'math' is not defined                               no-undef
  3930:8    warning  'part1' is already defined                          no-redeclare
  3930:14   warning  'math' is not defined                               no-undef
  3931:8    warning  'num1' is already defined                           no-redeclare
  3931:13   warning  'math' is not defined                               no-undef
  3932:8    warning  'num2' is already defined                           no-redeclare
  3932:13   warning  'math' is not defined                               no-undef
  3933:8    warning  'den' is already defined                            no-redeclare
  3933:12   warning  'math' is not defined                               no-undef
  3934:4    warning  'R1' is not defined                                 no-undef
  3934:7    warning  'math' is not defined                               no-undef
  3935:4    warning  'R2' is not defined                                 no-undef
  3935:7    warning  'math' is not defined                               no-undef
  3937:8    warning  'R1' is not defined                                 no-undef
  3937:12   warning  'R2' is not defined                                 no-undef
  3971:8    warning  'k' is already defined                              no-redeclare
  3971:10   warning  'math' is not defined                               no-undef
  3972:8    warning  'b0k2' is already defined                           no-redeclare
  3972:13   warning  'math' is not defined                               no-undef
  3972:30   warning  'math' is not defined                               no-undef
  3973:8    warning  'b1k' is already defined                            no-redeclare
  3973:12   warning  'math' is not defined                               no-undef
  3974:8    warning  'a0k2' is already defined                           no-redeclare
  3974:13   warning  'math' is not defined                               no-undef
  3974:30   warning  'math' is not defined                               no-undef
  3975:8    warning  'a1k' is already defined                            no-redeclare
  3975:12   warning  'math' is not defined                               no-undef
  3977:8    warning  'd0' is already defined                             no-redeclare
  3977:11   warning  'math' is not defined                               no-undef
  3977:23   warning  'math' is not defined                               no-undef
  3977:34   warning  'math' is not defined                               no-undef
  3977:48   warning  'math' is not defined                               no-undef
  3977:60   warning  'math' is not defined                               no-undef
  3977:82   warning  'math' is not defined                               no-undef
  3978:8    warning  'd1' is already defined                             no-redeclare
  3978:11   warning  'math' is not defined                               no-undef
  3978:23   warning  'math' is not defined                               no-undef
  3978:34   warning  'math' is not defined                               no-undef
  3978:48   warning  'math' is not defined                               no-undef
  3978:60   warning  'math' is not defined                               no-undef
  3978:87   warning  'math' is not defined                               no-undef
  3979:8    warning  'd2' is already defined                             no-redeclare
  3979:11   warning  'math' is not defined                               no-undef
  3979:23   warning  'math' is not defined                               no-undef
  3979:34   warning  'math' is not defined                               no-undef
  3979:48   warning  'math' is not defined                               no-undef
  3979:60   warning  'math' is not defined                               no-undef
  3979:83   warning  'math' is not defined                               no-undef
  3981:8    warning  'c1' is already defined                             no-redeclare
  3981:11   warning  'math' is not defined                               no-undef
  3981:23   warning  'math' is not defined                               no-undef
  3981:34   warning  'math' is not defined                               no-undef
  3981:48   warning  'math' is not defined                               no-undef
  3981:60   warning  'math' is not defined                               no-undef
  3981:87   warning  'math' is not defined                               no-undef
  3982:8    warning  'c2' is already defined                             no-redeclare
  3982:11   warning  'math' is not defined                               no-undef
  3982:23   warning  'math' is not defined                               no-undef
  3982:34   warning  'math' is not defined                               no-undef
  3982:48   warning  'math' is not defined                               no-undef
  3982:60   warning  'math' is not defined                               no-undef
  3982:83   warning  'math' is not defined                               no-undef
  3985:1    warning  Mixed spaces and tabs                               no-mixed-spaces-and-tabs
  3986:1    warning  Mixed spaces and tabs                               no-mixed-spaces-and-tabs
  3987:3    warning  Mixed spaces and tabs                               no-mixed-spaces-and-tabs
  3990:1    warning  Mixed spaces and tabs                               no-mixed-spaces-and-tabs
  3999:1    warning  Mixed spaces and tabs                               no-mixed-spaces-and-tabs
  3999:14   warning  'k' is already defined                              no-redeclare
  3999:16   warning  'math' is not defined                               no-undef
  4000:8    warning  'b0k2' is already defined                           no-redeclare
  4000:13   warning  'math' is not defined                               no-undef
  4000:30   warning  'math' is not defined                               no-undef
  4001:8    warning  'b1k' is already defined                            no-redeclare
  4001:12   warning  'math' is not defined                               no-undef
  4002:8    warning  'a0k2' is already defined                           no-redeclare
  4002:13   warning  'math' is not defined                               no-undef
  4002:30   warning  'math' is not defined                               no-undef
  4003:8    warning  'a1k' is already defined                            no-redeclare
  4003:12   warning  'math' is not defined                               no-undef
  4005:8    warning  'd0' is already defined                             no-redeclare
  4005:11   warning  'math' is not defined                               no-undef
  4005:23   warning  'math' is not defined                               no-undef
  4005:34   warning  'math' is not defined                               no-undef
  4005:48   warning  'math' is not defined                               no-undef
  4005:60   warning  'math' is not defined                               no-undef
  4005:82   warning  'math' is not defined                               no-undef
  4006:8    warning  'd1' is already defined                             no-redeclare
  4006:11   warning  'math' is not defined                               no-undef
  4006:23   warning  'math' is not defined                               no-undef
  4006:34   warning  'math' is not defined                               no-undef
  4006:48   warning  'math' is not defined                               no-undef
  4006:60   warning  'math' is not defined                               no-undef
  4006:87   warning  'math' is not defined                               no-undef
  4007:8    warning  'd2' is already defined                             no-redeclare
  4007:11   warning  'math' is not defined                               no-undef
  4007:23   warning  'math' is not defined                               no-undef
  4007:34   warning  'math' is not defined                               no-undef
  4007:48   warning  'math' is not defined                               no-undef
  4007:60   warning  'math' is not defined                               no-undef
  4007:83   warning  'math' is not defined                               no-undef
  4009:8    warning  'c1' is already defined                             no-redeclare
  4009:11   warning  'math' is not defined                               no-undef
  4009:23   warning  'math' is not defined                               no-undef
  4009:34   warning  'math' is not defined                               no-undef
  4009:48   warning  'math' is not defined                               no-undef
  4009:60   warning  'math' is not defined                               no-undef
  4009:87   warning  'math' is not defined                               no-undef
  4010:8    warning  'c2' is already defined                             no-redeclare
  4010:11   warning  'math' is not defined                               no-undef
  4010:23   warning  'math' is not defined                               no-undef
  4010:34   warning  'math' is not defined                               no-undef
  4010:48   warning  'math' is not defined                               no-undef
  4010:60   warning  'math' is not defined                               no-undef
  4010:83   warning  'math' is not defined                               no-undef
  4013:1    warning  Mixed spaces and tabs                               no-mixed-spaces-and-tabs
  4014:1    warning  Mixed spaces and tabs                               no-mixed-spaces-and-tabs
  4015:3    warning  Mixed spaces and tabs                               no-mixed-spaces-and-tabs
  4018:1    warning  Mixed spaces and tabs                               no-mixed-spaces-and-tabs
  4030:1    warning  Mixed spaces and tabs                               no-mixed-spaces-and-tabs
  4031:1    warning  Mixed spaces and tabs                               no-mixed-spaces-and-tabs
  4032:1    warning  Mixed spaces and tabs                               no-mixed-spaces-and-tabs
  4033:1    warning  Mixed spaces and tabs                               no-mixed-spaces-and-tabs
  4034:1    warning  Mixed spaces and tabs                               no-mixed-spaces-and-tabs
  4035:1    warning  Mixed spaces and tabs                               no-mixed-spaces-and-tabs
  4041:1    warning  Mixed spaces and tabs                               no-mixed-spaces-and-tabs
  4043:1    warning  Mixed spaces and tabs                               no-mixed-spaces-and-tabs
  4043:14   warning  'b0' is already defined                             no-redeclare
  4044:8    warning  'b1' is already defined                             no-redeclare
  4045:8    warning  'b2' is already defined                             no-redeclare
  4046:17   warning  'a0' is already defined                             no-redeclare
  4047:8    warning  'a1' is already defined                             no-redeclare
  4048:8    warning  'a2' is already defined                             no-redeclare
  4049:1    warning  Mixed spaces and tabs                               no-mixed-spaces-and-tabs
  4049:14   warning  'T' is already defined                              no-redeclare
  4053:1    warning  Mixed spaces and tabs                               no-mixed-spaces-and-tabs
  4053:14   warning  'part' is already defined                           no-redeclare
  4053:19   warning  'math' is not defined                               no-undef
  4053:33   warning  'math' is not defined                               no-undef
  4053:48   warning  'math' is not defined                               no-undef
  4055:8    warning  'part1' is already defined                          no-redeclare
  4055:14   warning  'math' is not defined                               no-undef
  4056:8    warning  'num1' is already defined                           no-redeclare
  4056:13   warning  'math' is not defined                               no-undef
  4057:8    warning  'num2' is already defined                           no-redeclare
  4057:13   warning  'math' is not defined                               no-undef
  4058:8    warning  'den' is already defined                            no-redeclare
  4058:12   warning  'math' is not defined                               no-undef
  4059:4    warning  'R1' is not defined                                 no-undef
  4059:7    warning  'math' is not defined                               no-undef
  4060:4    warning  'R2' is not defined                                 no-undef
  4060:7    warning  'math' is not defined                               no-undef
  4062:8    warning  'R1' is not defined                                 no-undef
  4062:12   warning  'R2' is not defined                                 no-undef
  4096:8    warning  'k' is already defined                              no-redeclare
  4096:10   warning  'math' is not defined                               no-undef
  4097:8    warning  'b0k2' is already defined                           no-redeclare
  4097:13   warning  'math' is not defined                               no-undef
  4097:30   warning  'math' is not defined                               no-undef
  4098:8    warning  'b1k' is already defined                            no-redeclare
  4098:12   warning  'math' is not defined                               no-undef
  4099:8    warning  'a0k2' is already defined                           no-redeclare
  4099:13   warning  'math' is not defined                               no-undef
  4099:30   warning  'math' is not defined                               no-undef
  4100:8    warning  'a1k' is already defined                            no-redeclare
  4100:12   warning  'math' is not defined                               no-undef
  4102:8    warning  'd0' is already defined                             no-redeclare
  4102:11   warning  'math' is not defined                               no-undef
  4102:23   warning  'math' is not defined                               no-undef
  4102:34   warning  'math' is not defined                               no-undef
  4102:48   warning  'math' is not defined                               no-undef
  4102:60   warning  'math' is not defined                               no-undef
  4102:82   warning  'math' is not defined                               no-undef
  4103:8    warning  'd1' is already defined                             no-redeclare
  4103:11   warning  'math' is not defined                               no-undef
  4103:23   warning  'math' is not defined                               no-undef
  4103:34   warning  'math' is not defined                               no-undef
  4103:48   warning  'math' is not defined                               no-undef
  4103:60   warning  'math' is not defined                               no-undef
  4103:87   warning  'math' is not defined                               no-undef
  4104:8    warning  'd2' is already defined                             no-redeclare
  4104:11   warning  'math' is not defined                               no-undef
  4104:23   warning  'math' is not defined                               no-undef
  4104:34   warning  'math' is not defined                               no-undef
  4104:48   warning  'math' is not defined                               no-undef
  4104:60   warning  'math' is not defined                               no-undef
  4104:83   warning  'math' is not defined                               no-undef
  4106:8    warning  'c1' is already defined                             no-redeclare
  4106:11   warning  'math' is not defined                               no-undef
  4106:23   warning  'math' is not defined                               no-undef
  4106:34   warning  'math' is not defined                               no-undef
  4106:48   warning  'math' is not defined                               no-undef
  4106:60   warning  'math' is not defined                               no-undef
  4106:87   warning  'math' is not defined                               no-undef
  4107:8    warning  'c2' is already defined                             no-redeclare
  4107:11   warning  'math' is not defined                               no-undef
  4107:23   warning  'math' is not defined                               no-undef
  4107:34   warning  'math' is not defined                               no-undef
  4107:48   warning  'math' is not defined                               no-undef
  4107:60   warning  'math' is not defined                               no-undef
  4107:83   warning  'math' is not defined                               no-undef
  4110:1    warning  Mixed spaces and tabs                               no-mixed-spaces-and-tabs
  4111:1    warning  Mixed spaces and tabs                               no-mixed-spaces-and-tabs
  4112:3    warning  Mixed spaces and tabs                               no-mixed-spaces-and-tabs
  4115:1    warning  Mixed spaces and tabs                               no-mixed-spaces-and-tabs
  4124:1    warning  Mixed spaces and tabs                               no-mixed-spaces-and-tabs
  4124:14   warning  'k' is already defined                              no-redeclare
  4124:16   warning  'math' is not defined                               no-undef
  4125:8    warning  'b0k2' is already defined                           no-redeclare
  4125:13   warning  'math' is not defined                               no-undef
  4125:30   warning  'math' is not defined                               no-undef
  4126:8    warning  'b1k' is already defined                            no-redeclare
  4126:12   warning  'math' is not defined                               no-undef
  4127:8    warning  'a0k2' is already defined                           no-redeclare
  4127:13   warning  'math' is not defined                               no-undef
  4127:30   warning  'math' is not defined                               no-undef
  4128:8    warning  'a1k' is already defined                            no-redeclare
  4128:12   warning  'math' is not defined                               no-undef
  4130:8    warning  'd0' is already defined                             no-redeclare
  4130:11   warning  'math' is not defined                               no-undef
  4130:23   warning  'math' is not defined                               no-undef
  4130:34   warning  'math' is not defined                               no-undef
  4130:48   warning  'math' is not defined                               no-undef
  4130:60   warning  'math' is not defined                               no-undef
  4130:82   warning  'math' is not defined                               no-undef
  4131:8    warning  'd1' is already defined                             no-redeclare
  4131:11   warning  'math' is not defined                               no-undef
  4131:23   warning  'math' is not defined                               no-undef
  4131:34   warning  'math' is not defined                               no-undef
  4131:48   warning  'math' is not defined                               no-undef
  4131:60   warning  'math' is not defined                               no-undef
  4131:87   warning  'math' is not defined                               no-undef
  4132:8    warning  'd2' is already defined                             no-redeclare
  4132:11   warning  'math' is not defined                               no-undef
  4132:23   warning  'math' is not defined                               no-undef
  4132:34   warning  'math' is not defined                               no-undef
  4132:48   warning  'math' is not defined                               no-undef
  4132:60   warning  'math' is not defined                               no-undef
  4132:83   warning  'math' is not defined                               no-undef
  4134:8    warning  'c1' is already defined                             no-redeclare
  4134:11   warning  'math' is not defined                               no-undef
  4134:23   warning  'math' is not defined                               no-undef
  4134:34   warning  'math' is not defined                               no-undef
  4134:48   warning  'math' is not defined                               no-undef
  4134:60   warning  'math' is not defined                               no-undef
  4134:87   warning  'math' is not defined                               no-undef
  4135:8    warning  'c2' is already defined                             no-redeclare
  4135:11   warning  'math' is not defined                               no-undef
  4135:23   warning  'math' is not defined                               no-undef
  4135:34   warning  'math' is not defined                               no-undef
  4135:48   warning  'math' is not defined                               no-undef
  4135:60   warning  'math' is not defined                               no-undef
  4135:83   warning  'math' is not defined                               no-undef
  4138:1    warning  Mixed spaces and tabs                               no-mixed-spaces-and-tabs
  4139:1    warning  Mixed spaces and tabs                               no-mixed-spaces-and-tabs
  4140:3    warning  Mixed spaces and tabs                               no-mixed-spaces-and-tabs
  4143:1    warning  Mixed spaces and tabs                               no-mixed-spaces-and-tabs
  4153:1    warning  Mixed spaces and tabs                               no-mixed-spaces-and-tabs
  4442:6    warning  'outputText7' is defined but never used             no-unused-vars
  4443:6    warning  'outputText7_1' is defined but never used           no-unused-vars
  4486:1    warning  Mixed spaces and tabs                               no-mixed-spaces-and-tabs
  4487:2    warning  Mixed spaces and tabs                               no-mixed-spaces-and-tabs
  4488:1    warning  Mixed spaces and tabs                               no-mixed-spaces-and-tabs
  4489:1    warning  Mixed spaces and tabs                               no-mixed-spaces-and-tabs
  4490:1    warning  Mixed spaces and tabs                               no-mixed-spaces-and-tabs
  4491:1    warning  Mixed spaces and tabs                               no-mixed-spaces-and-tabs
  4492:1    warning  Mixed spaces and tabs                               no-mixed-spaces-and-tabs
  4493:1    warning  Mixed spaces and tabs                               no-mixed-spaces-and-tabs
  4494:1    warning  Mixed spaces and tabs                               no-mixed-spaces-and-tabs
  4495:1    warning  Mixed spaces and tabs                               no-mixed-spaces-and-tabs
  4496:1    warning  Mixed spaces and tabs                               no-mixed-spaces-and-tabs
  4497:1    warning  Mixed spaces and tabs                               no-mixed-spaces-and-tabs
  4499:1    warning  Mixed spaces and tabs                               no-mixed-spaces-and-tabs
  4505:1    warning  Mixed spaces and tabs                               no-mixed-spaces-and-tabs
  4507:1    warning  Mixed spaces and tabs                               no-mixed-spaces-and-tabs
  4507:19   warning  'math' is not defined                               no-undef
  4507:33   warning  'math' is not defined                               no-undef
  4507:48   warning  'math' is not defined                               no-undef
  4509:14   warning  'math' is not defined                               no-undef
  4510:13   warning  'math' is not defined                               no-undef
  4511:13   warning  'math' is not defined                               no-undef
  4512:12   warning  'math' is not defined                               no-undef
  4513:4    warning  'R1' is not defined                                 no-undef
  4513:7    warning  'math' is not defined                               no-undef
  4514:4    warning  'R2' is not defined                                 no-undef
  4514:7    warning  'math' is not defined                               no-undef
  4516:8    warning  'R1' is not defined                                 no-undef
  4516:12   warning  'R2' is not defined                                 no-undef
  4550:10   warning  'math' is not defined                               no-undef
  4551:13   warning  'math' is not defined                               no-undef
  4551:30   warning  'math' is not defined                               no-undef
  4552:12   warning  'math' is not defined                               no-undef
  4553:13   warning  'math' is not defined                               no-undef
  4553:30   warning  'math' is not defined                               no-undef
  4554:12   warning  'math' is not defined                               no-undef
  4556:11   warning  'math' is not defined                               no-undef
  4556:23   warning  'math' is not defined                               no-undef
  4556:34   warning  'math' is not defined                               no-undef
  4556:48   warning  'math' is not defined                               no-undef
  4556:60   warning  'math' is not defined                               no-undef
  4556:82   warning  'math' is not defined                               no-undef
  4557:11   warning  'math' is not defined                               no-undef
  4557:23   warning  'math' is not defined                               no-undef
  4557:34   warning  'math' is not defined                               no-undef
  4557:48   warning  'math' is not defined                               no-undef
  4557:60   warning  'math' is not defined                               no-undef
  4557:87   warning  'math' is not defined                               no-undef
  4558:11   warning  'math' is not defined                               no-undef
  4558:23   warning  'math' is not defined                               no-undef
  4558:34   warning  'math' is not defined                               no-undef
  4558:48   warning  'math' is not defined                               no-undef
  4558:60   warning  'math' is not defined                               no-undef
  4558:83   warning  'math' is not defined                               no-undef
  4560:11   warning  'math' is not defined                               no-undef
  4560:23   warning  'math' is not defined                               no-undef
  4560:34   warning  'math' is not defined                               no-undef
  4560:48   warning  'math' is not defined                               no-undef
  4560:60   warning  'math' is not defined                               no-undef
  4560:87   warning  'math' is not defined                               no-undef
  4561:11   warning  'math' is not defined                               no-undef
  4561:23   warning  'math' is not defined                               no-undef
  4561:34   warning  'math' is not defined                               no-undef
  4561:48   warning  'math' is not defined                               no-undef
  4561:60   warning  'math' is not defined                               no-undef
  4561:83   warning  'math' is not defined                               no-undef
  4564:1    warning  Mixed spaces and tabs                               no-mixed-spaces-and-tabs
  4565:1    warning  Mixed spaces and tabs                               no-mixed-spaces-and-tabs
  4566:3    warning  Mixed spaces and tabs                               no-mixed-spaces-and-tabs
  4569:1    warning  Mixed spaces and tabs                               no-mixed-spaces-and-tabs
  4578:1    warning  Mixed spaces and tabs                               no-mixed-spaces-and-tabs
  4578:14   warning  'k' is already defined                              no-redeclare
  4578:16   warning  'math' is not defined                               no-undef
  4579:8    warning  'b0k2' is already defined                           no-redeclare
  4579:13   warning  'math' is not defined                               no-undef
  4579:30   warning  'math' is not defined                               no-undef
  4580:8    warning  'b1k' is already defined                            no-redeclare
  4580:12   warning  'math' is not defined                               no-undef
  4581:8    warning  'a0k2' is already defined                           no-redeclare
  4581:13   warning  'math' is not defined                               no-undef
  4581:30   warning  'math' is not defined                               no-undef
  4582:8    warning  'a1k' is already defined                            no-redeclare
  4582:12   warning  'math' is not defined                               no-undef
  4584:8    warning  'd0' is already defined                             no-redeclare
  4584:11   warning  'math' is not defined                               no-undef
  4584:23   warning  'math' is not defined                               no-undef
  4584:34   warning  'math' is not defined                               no-undef
  4584:48   warning  'math' is not defined                               no-undef
  4584:60   warning  'math' is not defined                               no-undef
  4584:82   warning  'math' is not defined                               no-undef
  4585:8    warning  'd1' is already defined                             no-redeclare
  4585:11   warning  'math' is not defined                               no-undef
  4585:23   warning  'math' is not defined                               no-undef
  4585:34   warning  'math' is not defined                               no-undef
  4585:48   warning  'math' is not defined                               no-undef
  4585:60   warning  'math' is not defined                               no-undef
  4585:87   warning  'math' is not defined                               no-undef
  4586:8    warning  'd2' is already defined                             no-redeclare
  4586:11   warning  'math' is not defined                               no-undef
  4586:23   warning  'math' is not defined                               no-undef
  4586:34   warning  'math' is not defined                               no-undef
  4586:48   warning  'math' is not defined                               no-undef
  4586:60   warning  'math' is not defined                               no-undef
  4586:83   warning  'math' is not defined                               no-undef
  4588:8    warning  'c1' is already defined                             no-redeclare
  4588:11   warning  'math' is not defined                               no-undef
  4588:23   warning  'math' is not defined                               no-undef
  4588:34   warning  'math' is not defined                               no-undef
  4588:48   warning  'math' is not defined                               no-undef
  4588:60   warning  'math' is not defined                               no-undef
  4588:87   warning  'math' is not defined                               no-undef
  4589:8    warning  'c2' is already defined                             no-redeclare
  4589:11   warning  'math' is not defined                               no-undef
  4589:23   warning  'math' is not defined                               no-undef
  4589:34   warning  'math' is not defined                               no-undef
  4589:48   warning  'math' is not defined                               no-undef
  4589:60   warning  'math' is not defined                               no-undef
  4589:83   warning  'math' is not defined                               no-undef
  4592:1    warning  Mixed spaces and tabs                               no-mixed-spaces-and-tabs
  4593:1    warning  Mixed spaces and tabs                               no-mixed-spaces-and-tabs
  4594:3    warning  Mixed spaces and tabs                               no-mixed-spaces-and-tabs
  4597:1    warning  Mixed spaces and tabs                               no-mixed-spaces-and-tabs
  4603:1    warning  Mixed spaces and tabs                               no-mixed-spaces-and-tabs
  4604:1    warning  Mixed spaces and tabs                               no-mixed-spaces-and-tabs
  4605:1    warning  Mixed spaces and tabs                               no-mixed-spaces-and-tabs
  4606:1    warning  Mixed spaces and tabs                               no-mixed-spaces-and-tabs
  4607:2    warning  Mixed spaces and tabs                               no-mixed-spaces-and-tabs
  4608:1    warning  Mixed spaces and tabs                               no-mixed-spaces-and-tabs
  4609:1    warning  Mixed spaces and tabs                               no-mixed-spaces-and-tabs
  4610:1    warning  Mixed spaces and tabs                               no-mixed-spaces-and-tabs
  4611:1    warning  Mixed spaces and tabs                               no-mixed-spaces-and-tabs
  4612:1    warning  Mixed spaces and tabs                               no-mixed-spaces-and-tabs
  4613:2    warning  Mixed spaces and tabs                               no-mixed-spaces-and-tabs
  4614:2    warning  Mixed spaces and tabs                               no-mixed-spaces-and-tabs
  4615:1    warning  Mixed spaces and tabs                               no-mixed-spaces-and-tabs
  4616:1    warning  Mixed spaces and tabs                               no-mixed-spaces-and-tabs
  4617:1    warning  Mixed spaces and tabs                               no-mixed-spaces-and-tabs
  4618:1    warning  Mixed spaces and tabs                               no-mixed-spaces-and-tabs
  4619:1    warning  Mixed spaces and tabs                               no-mixed-spaces-and-tabs
  4619:14   warning  'b0' is already defined                             no-redeclare
  4620:8    warning  'b1' is already defined                             no-redeclare
  4621:8    warning  'b2' is already defined                             no-redeclare
  4622:17   warning  'a0' is already defined                             no-redeclare
  4623:8    warning  'a1' is already defined                             no-redeclare
  4624:8    warning  'a2' is already defined                             no-redeclare
  4625:1    warning  Mixed spaces and tabs                               no-mixed-spaces-and-tabs
  4625:14   warning  'T' is already defined                              no-redeclare
  4627:1    warning  Mixed spaces and tabs                               no-mixed-spaces-and-tabs
  4627:14   warning  'part' is already defined                           no-redeclare
  4627:19   warning  'math' is not defined                               no-undef
  4627:33   warning  'math' is not defined                               no-undef
  4627:48   warning  'math' is not defined                               no-undef
  4629:8    warning  'part1' is already defined                          no-redeclare
  4629:14   warning  'math' is not defined                               no-undef
  4630:8    warning  'num1' is already defined                           no-redeclare
  4630:13   warning  'math' is not defined                               no-undef
  4631:8    warning  'num2' is already defined                           no-redeclare
  4631:13   warning  'math' is not defined                               no-undef
  4632:8    warning  'den' is already defined                            no-redeclare
  4632:12   warning  'math' is not defined                               no-undef
  4633:4    warning  'R1' is not defined                                 no-undef
  4633:7    warning  'math' is not defined                               no-undef
  4634:4    warning  'R2' is not defined                                 no-undef
  4634:7    warning  'math' is not defined                               no-undef
  4636:8    warning  'R1' is not defined                                 no-undef
  4636:12   warning  'R2' is not defined                                 no-undef
  4670:8    warning  'k' is already defined                              no-redeclare
  4670:10   warning  'math' is not defined                               no-undef
  4671:8    warning  'b0k2' is already defined                           no-redeclare
  4671:13   warning  'math' is not defined                               no-undef
  4671:30   warning  'math' is not defined                               no-undef
  4672:8    warning  'b1k' is already defined                            no-redeclare
  4672:12   warning  'math' is not defined                               no-undef
  4673:8    warning  'a0k2' is already defined                           no-redeclare
  4673:13   warning  'math' is not defined                               no-undef
  4673:30   warning  'math' is not defined                               no-undef
  4674:8    warning  'a1k' is already defined                            no-redeclare
  4674:12   warning  'math' is not defined                               no-undef
  4676:8    warning  'd0' is already defined                             no-redeclare
  4676:11   warning  'math' is not defined                               no-undef
  4676:23   warning  'math' is not defined                               no-undef
  4676:34   warning  'math' is not defined                               no-undef
  4676:48   warning  'math' is not defined                               no-undef
  4676:60   warning  'math' is not defined                               no-undef
  4676:82   warning  'math' is not defined                               no-undef
  4677:8    warning  'd1' is already defined                             no-redeclare
  4677:11   warning  'math' is not defined                               no-undef
  4677:23   warning  'math' is not defined                               no-undef
  4677:34   warning  'math' is not defined                               no-undef
  4677:48   warning  'math' is not defined                               no-undef
  4677:60   warning  'math' is not defined                               no-undef
  4677:87   warning  'math' is not defined                               no-undef
  4678:8    warning  'd2' is already defined                             no-redeclare
  4678:11   warning  'math' is not defined                               no-undef
  4678:23   warning  'math' is not defined                               no-undef
  4678:34   warning  'math' is not defined                               no-undef
  4678:48   warning  'math' is not defined                               no-undef
  4678:60   warning  'math' is not defined                               no-undef
  4678:83   warning  'math' is not defined                               no-undef
  4680:8    warning  'c1' is already defined                             no-redeclare
  4680:11   warning  'math' is not defined                               no-undef
  4680:23   warning  'math' is not defined                               no-undef
  4680:34   warning  'math' is not defined                               no-undef
  4680:48   warning  'math' is not defined                               no-undef
  4680:60   warning  'math' is not defined                               no-undef
  4680:87   warning  'math' is not defined                               no-undef
  4681:8    warning  'c2' is already defined                             no-redeclare
  4681:11   warning  'math' is not defined                               no-undef
  4681:23   warning  'math' is not defined                               no-undef
  4681:34   warning  'math' is not defined                               no-undef
  4681:48   warning  'math' is not defined                               no-undef
  4681:60   warning  'math' is not defined                               no-undef
  4681:83   warning  'math' is not defined                               no-undef
  4684:1    warning  Mixed spaces and tabs                               no-mixed-spaces-and-tabs
  4685:1    warning  Mixed spaces and tabs                               no-mixed-spaces-and-tabs
  4686:3    warning  Mixed spaces and tabs                               no-mixed-spaces-and-tabs
  4689:1    warning  Mixed spaces and tabs                               no-mixed-spaces-and-tabs
  4698:1    warning  Mixed spaces and tabs                               no-mixed-spaces-and-tabs
  4698:14   warning  'k' is already defined                              no-redeclare
  4698:16   warning  'math' is not defined                               no-undef
  4699:8    warning  'b0k2' is already defined                           no-redeclare
  4699:13   warning  'math' is not defined                               no-undef
  4699:30   warning  'math' is not defined                               no-undef
  4700:8    warning  'b1k' is already defined                            no-redeclare
  4700:12   warning  'math' is not defined                               no-undef
  4701:8    warning  'a0k2' is already defined                           no-redeclare
  4701:13   warning  'math' is not defined                               no-undef
  4701:30   warning  'math' is not defined                               no-undef
  4702:8    warning  'a1k' is already defined                            no-redeclare
  4702:12   warning  'math' is not defined                               no-undef
  4704:8    warning  'd0' is already defined                             no-redeclare
  4704:11   warning  'math' is not defined                               no-undef
  4704:23   warning  'math' is not defined                               no-undef
  4704:34   warning  'math' is not defined                               no-undef
  4704:48   warning  'math' is not defined                               no-undef
  4704:60   warning  'math' is not defined                               no-undef
  4704:82   warning  'math' is not defined                               no-undef
  4705:8    warning  'd1' is already defined                             no-redeclare
  4705:11   warning  'math' is not defined                               no-undef
  4705:23   warning  'math' is not defined                               no-undef
  4705:34   warning  'math' is not defined                               no-undef
  4705:48   warning  'math' is not defined                               no-undef
  4705:60   warning  'math' is not defined                               no-undef
  4705:87   warning  'math' is not defined                               no-undef
  4706:8    warning  'd2' is already defined                             no-redeclare
  4706:11   warning  'math' is not defined                               no-undef
  4706:23   warning  'math' is not defined                               no-undef
  4706:34   warning  'math' is not defined                               no-undef
  4706:48   warning  'math' is not defined                               no-undef
  4706:60   warning  'math' is not defined                               no-undef
  4706:83   warning  'math' is not defined                               no-undef
  4708:8    warning  'c1' is already defined                             no-redeclare
  4708:11   warning  'math' is not defined                               no-undef
  4708:23   warning  'math' is not defined                               no-undef
  4708:34   warning  'math' is not defined                               no-undef
  4708:48   warning  'math' is not defined                               no-undef
  4708:60   warning  'math' is not defined                               no-undef
  4708:87   warning  'math' is not defined                               no-undef
  4709:8    warning  'c2' is already defined                             no-redeclare
  4709:11   warning  'math' is not defined                               no-undef
  4709:23   warning  'math' is not defined                               no-undef
  4709:34   warning  'math' is not defined                               no-undef
  4709:48   warning  'math' is not defined                               no-undef
  4709:60   warning  'math' is not defined                               no-undef
  4709:83   warning  'math' is not defined                               no-undef
  4712:1    warning  Mixed spaces and tabs                               no-mixed-spaces-and-tabs
  4713:1    warning  Mixed spaces and tabs                               no-mixed-spaces-and-tabs
  4714:3    warning  Mixed spaces and tabs                               no-mixed-spaces-and-tabs
  4717:1    warning  Mixed spaces and tabs                               no-mixed-spaces-and-tabs
  4723:1    warning  Mixed spaces and tabs                               no-mixed-spaces-and-tabs
  4724:1    warning  Mixed spaces and tabs                               no-mixed-spaces-and-tabs
  4725:1    warning  Mixed spaces and tabs                               no-mixed-spaces-and-tabs
  4726:1    warning  Mixed spaces and tabs                               no-mixed-spaces-and-tabs
  4727:2    warning  Mixed spaces and tabs                               no-mixed-spaces-and-tabs
  4728:1    warning  Mixed spaces and tabs                               no-mixed-spaces-and-tabs
  4729:1    warning  Mixed spaces and tabs                               no-mixed-spaces-and-tabs
  4730:1    warning  Mixed spaces and tabs                               no-mixed-spaces-and-tabs
  4731:1    warning  Mixed spaces and tabs                               no-mixed-spaces-and-tabs
  4732:1    warning  Mixed spaces and tabs                               no-mixed-spaces-and-tabs
  4733:2    warning  Mixed spaces and tabs                               no-mixed-spaces-and-tabs
  4736:1    warning  Mixed spaces and tabs                               no-mixed-spaces-and-tabs
  4737:1    warning  Mixed spaces and tabs                               no-mixed-spaces-and-tabs
  4738:1    warning  Mixed spaces and tabs                               no-mixed-spaces-and-tabs
  4739:1    warning  Mixed spaces and tabs                               no-mixed-spaces-and-tabs
  4740:1    warning  Mixed spaces and tabs                               no-mixed-spaces-and-tabs
  4740:14   warning  'b0' is already defined                             no-redeclare
  4741:8    warning  'b1' is already defined                             no-redeclare
  4742:8    warning  'b2' is already defined                             no-redeclare
  4743:17   warning  'a0' is already defined                             no-redeclare
  4744:8    warning  'a1' is already defined                             no-redeclare
  4745:8    warning  'a2' is already defined                             no-redeclare
  4746:1    warning  Mixed spaces and tabs                               no-mixed-spaces-and-tabs
  4746:14   warning  'T' is already defined                              no-redeclare
  4748:1    warning  Mixed spaces and tabs                               no-mixed-spaces-and-tabs
  4748:14   warning  'part' is already defined                           no-redeclare
  4748:19   warning  'math' is not defined                               no-undef
  4748:33   warning  'math' is not defined                               no-undef
  4748:48   warning  'math' is not defined                               no-undef
  4750:8    warning  'part1' is already defined                          no-redeclare
  4750:14   warning  'math' is not defined                               no-undef
  4751:8    warning  'num1' is already defined                           no-redeclare
  4751:13   warning  'math' is not defined                               no-undef
  4752:8    warning  'num2' is already defined                           no-redeclare
  4752:13   warning  'math' is not defined                               no-undef
  4753:8    warning  'den' is already defined                            no-redeclare
  4753:12   warning  'math' is not defined                               no-undef
  4754:4    warning  'R1' is not defined                                 no-undef
  4754:7    warning  'math' is not defined                               no-undef
  4755:4    warning  'R2' is not defined                                 no-undef
  4755:7    warning  'math' is not defined                               no-undef
  4757:8    warning  'R1' is not defined                                 no-undef
  4757:12   warning  'R2' is not defined                                 no-undef
  4791:8    warning  'k' is already defined                              no-redeclare
  4791:10   warning  'math' is not defined                               no-undef
  4792:8    warning  'b0k2' is already defined                           no-redeclare
  4792:13   warning  'math' is not defined                               no-undef
  4792:30   warning  'math' is not defined                               no-undef
  4793:8    warning  'b1k' is already defined                            no-redeclare
  4793:12   warning  'math' is not defined                               no-undef
  4794:8    warning  'a0k2' is already defined                           no-redeclare
  4794:13   warning  'math' is not defined                               no-undef
  4794:30   warning  'math' is not defined                               no-undef
  4795:8    warning  'a1k' is already defined                            no-redeclare
  4795:12   warning  'math' is not defined                               no-undef
  4797:8    warning  'd0' is already defined                             no-redeclare
  4797:11   warning  'math' is not defined                               no-undef
  4797:23   warning  'math' is not defined                               no-undef
  4797:34   warning  'math' is not defined                               no-undef
  4797:48   warning  'math' is not defined                               no-undef
  4797:60   warning  'math' is not defined                               no-undef
  4797:82   warning  'math' is not defined                               no-undef
  4798:8    warning  'd1' is already defined                             no-redeclare
  4798:11   warning  'math' is not defined                               no-undef
  4798:23   warning  'math' is not defined                               no-undef
  4798:34   warning  'math' is not defined                               no-undef
  4798:48   warning  'math' is not defined                               no-undef
  4798:60   warning  'math' is not defined                               no-undef
  4798:87   warning  'math' is not defined                               no-undef
  4799:8    warning  'd2' is already defined                             no-redeclare
  4799:11   warning  'math' is not defined                               no-undef
  4799:23   warning  'math' is not defined                               no-undef
  4799:34   warning  'math' is not defined                               no-undef
  4799:48   warning  'math' is not defined                               no-undef
  4799:60   warning  'math' is not defined                               no-undef
  4799:83   warning  'math' is not defined                               no-undef
  4801:8    warning  'c1' is already defined                             no-redeclare
  4801:11   warning  'math' is not defined                               no-undef
  4801:23   warning  'math' is not defined                               no-undef
  4801:34   warning  'math' is not defined                               no-undef
  4801:48   warning  'math' is not defined                               no-undef
  4801:60   warning  'math' is not defined                               no-undef
  4801:87   warning  'math' is not defined                               no-undef
  4802:8    warning  'c2' is already defined                             no-redeclare
  4802:11   warning  'math' is not defined                               no-undef
  4802:23   warning  'math' is not defined                               no-undef
  4802:34   warning  'math' is not defined                               no-undef
  4802:48   warning  'math' is not defined                               no-undef
  4802:60   warning  'math' is not defined                               no-undef
  4802:83   warning  'math' is not defined                               no-undef
  4805:1    warning  Mixed spaces and tabs                               no-mixed-spaces-and-tabs
  4806:1    warning  Mixed spaces and tabs                               no-mixed-spaces-and-tabs
  4807:3    warning  Mixed spaces and tabs                               no-mixed-spaces-and-tabs
  4810:1    warning  Mixed spaces and tabs                               no-mixed-spaces-and-tabs
  4819:1    warning  Mixed spaces and tabs                               no-mixed-spaces-and-tabs
  4819:14   warning  'k' is already defined                              no-redeclare
  4819:16   warning  'math' is not defined                               no-undef
  4820:8    warning  'b0k2' is already defined                           no-redeclare
  4820:13   warning  'math' is not defined                               no-undef
  4820:30   warning  'math' is not defined                               no-undef
  4821:8    warning  'b1k' is already defined                            no-redeclare
  4821:12   warning  'math' is not defined                               no-undef
  4822:8    warning  'a0k2' is already defined                           no-redeclare
  4822:13   warning  'math' is not defined                               no-undef
  4822:30   warning  'math' is not defined                               no-undef
  4823:8    warning  'a1k' is already defined                            no-redeclare
  4823:12   warning  'math' is not defined                               no-undef
  4825:8    warning  'd0' is already defined                             no-redeclare
  4825:11   warning  'math' is not defined                               no-undef
  4825:23   warning  'math' is not defined                               no-undef
  4825:34   warning  'math' is not defined                               no-undef
  4825:48   warning  'math' is not defined                               no-undef
  4825:60   warning  'math' is not defined                               no-undef
  4825:82   warning  'math' is not defined                               no-undef
  4826:8    warning  'd1' is already defined                             no-redeclare
  4826:11   warning  'math' is not defined                               no-undef
  4826:23   warning  'math' is not defined                               no-undef
  4826:34   warning  'math' is not defined                               no-undef
  4826:48   warning  'math' is not defined                               no-undef
  4826:60   warning  'math' is not defined                               no-undef
  4826:87   warning  'math' is not defined                               no-undef
  4827:8    warning  'd2' is already defined                             no-redeclare
  4827:11   warning  'math' is not defined                               no-undef
  4827:23   warning  'math' is not defined                               no-undef
  4827:34   warning  'math' is not defined                               no-undef
  4827:48   warning  'math' is not defined                               no-undef
  4827:60   warning  'math' is not defined                               no-undef
  4827:83   warning  'math' is not defined                               no-undef
  4829:8    warning  'c1' is already defined                             no-redeclare
  4829:11   warning  'math' is not defined                               no-undef
  4829:23   warning  'math' is not defined                               no-undef
  4829:34   warning  'math' is not defined                               no-undef
  4829:48   warning  'math' is not defined                               no-undef
  4829:60   warning  'math' is not defined                               no-undef
  4829:87   warning  'math' is not defined                               no-undef
  4830:8    warning  'c2' is already defined                             no-redeclare
  4830:11   warning  'math' is not defined                               no-undef
  4830:23   warning  'math' is not defined                               no-undef
  4830:34   warning  'math' is not defined                               no-undef
  4830:48   warning  'math' is not defined                               no-undef
  4830:60   warning  'math' is not defined                               no-undef
  4830:83   warning  'math' is not defined                               no-undef
  4833:1    warning  Mixed spaces and tabs                               no-mixed-spaces-and-tabs
  4834:1    warning  Mixed spaces and tabs                               no-mixed-spaces-and-tabs
  4835:3    warning  Mixed spaces and tabs                               no-mixed-spaces-and-tabs
  4838:1    warning  Mixed spaces and tabs                               no-mixed-spaces-and-tabs
  4844:1    warning  Mixed spaces and tabs                               no-mixed-spaces-and-tabs
  4845:1    warning  Mixed spaces and tabs                               no-mixed-spaces-and-tabs
  4846:1    warning  Mixed spaces and tabs                               no-mixed-spaces-and-tabs
  4847:1    warning  Mixed spaces and tabs                               no-mixed-spaces-and-tabs
  4848:2    warning  Mixed spaces and tabs                               no-mixed-spaces-and-tabs
  4849:1    warning  Mixed spaces and tabs                               no-mixed-spaces-and-tabs
  4850:1    warning  Mixed spaces and tabs                               no-mixed-spaces-and-tabs
  4851:1    warning  Mixed spaces and tabs                               no-mixed-spaces-and-tabs
  4852:1    warning  Mixed spaces and tabs                               no-mixed-spaces-and-tabs
  4853:1    warning  Mixed spaces and tabs                               no-mixed-spaces-and-tabs
  4854:2    warning  Mixed spaces and tabs                               no-mixed-spaces-and-tabs
  4857:1    warning  Mixed spaces and tabs                               no-mixed-spaces-and-tabs
  4858:1    warning  Mixed spaces and tabs                               no-mixed-spaces-and-tabs
  4859:1    warning  Mixed spaces and tabs                               no-mixed-spaces-and-tabs
  4860:1    warning  Mixed spaces and tabs                               no-mixed-spaces-and-tabs
  4861:1    warning  Mixed spaces and tabs                               no-mixed-spaces-and-tabs
  4861:14   warning  'b0' is already defined                             no-redeclare
  4862:8    warning  'b1' is already defined                             no-redeclare
  4863:8    warning  'b2' is already defined                             no-redeclare
  4864:17   warning  'a0' is already defined                             no-redeclare
  4865:8    warning  'a1' is already defined                             no-redeclare
  4866:8    warning  'a2' is already defined                             no-redeclare
  4867:1    warning  Mixed spaces and tabs                               no-mixed-spaces-and-tabs
  4867:14   warning  'T' is already defined                              no-redeclare
  4869:1    warning  Mixed spaces and tabs                               no-mixed-spaces-and-tabs
  4869:14   warning  'part' is already defined                           no-redeclare
  4869:19   warning  'math' is not defined                               no-undef
  4869:33   warning  'math' is not defined                               no-undef
  4869:48   warning  'math' is not defined                               no-undef
  4871:8    warning  'part1' is already defined                          no-redeclare
  4871:14   warning  'math' is not defined                               no-undef
  4872:8    warning  'num1' is already defined                           no-redeclare
  4872:13   warning  'math' is not defined                               no-undef
  4873:8    warning  'num2' is already defined                           no-redeclare
  4873:13   warning  'math' is not defined                               no-undef
  4874:8    warning  'den' is already defined                            no-redeclare
  4874:12   warning  'math' is not defined                               no-undef
  4875:4    warning  'R1' is not defined                                 no-undef
  4875:7    warning  'math' is not defined                               no-undef
  4876:4    warning  'R2' is not defined                                 no-undef
  4876:7    warning  'math' is not defined                               no-undef
  4878:8    warning  'R1' is not defined                                 no-undef
  4878:12   warning  'R2' is not defined                                 no-undef
  4912:8    warning  'k' is already defined                              no-redeclare
  4912:10   warning  'math' is not defined                               no-undef
  4913:8    warning  'b0k2' is already defined                           no-redeclare
  4913:13   warning  'math' is not defined                               no-undef
  4913:30   warning  'math' is not defined                               no-undef
  4914:8    warning  'b1k' is already defined                            no-redeclare
  4914:12   warning  'math' is not defined                               no-undef
  4915:8    warning  'a0k2' is already defined                           no-redeclare
  4915:13   warning  'math' is not defined                               no-undef
  4915:30   warning  'math' is not defined                               no-undef
  4916:8    warning  'a1k' is already defined                            no-redeclare
  4916:12   warning  'math' is not defined                               no-undef
  4918:8    warning  'd0' is already defined                             no-redeclare
  4918:11   warning  'math' is not defined                               no-undef
  4918:23   warning  'math' is not defined                               no-undef
  4918:34   warning  'math' is not defined                               no-undef
  4918:48   warning  'math' is not defined                               no-undef
  4918:60   warning  'math' is not defined                               no-undef
  4918:82   warning  'math' is not defined                               no-undef
  4919:8    warning  'd1' is already defined                             no-redeclare
  4919:11   warning  'math' is not defined                               no-undef
  4919:23   warning  'math' is not defined                               no-undef
  4919:34   warning  'math' is not defined                               no-undef
  4919:48   warning  'math' is not defined                               no-undef
  4919:60   warning  'math' is not defined                               no-undef
  4919:87   warning  'math' is not defined                               no-undef
  4920:8    warning  'd2' is already defined                             no-redeclare
  4920:11   warning  'math' is not defined                               no-undef
  4920:23   warning  'math' is not defined                               no-undef
  4920:34   warning  'math' is not defined                               no-undef
  4920:48   warning  'math' is not defined                               no-undef
  4920:60   warning  'math' is not defined                               no-undef
  4920:83   warning  'math' is not defined                               no-undef
  4922:8    warning  'c1' is already defined                             no-redeclare
  4922:11   warning  'math' is not defined                               no-undef
  4922:23   warning  'math' is not defined                               no-undef
  4922:34   warning  'math' is not defined                               no-undef
  4922:48   warning  'math' is not defined                               no-undef
  4922:60   warning  'math' is not defined                               no-undef
  4922:87   warning  'math' is not defined                               no-undef
  4923:8    warning  'c2' is already defined                             no-redeclare
  4923:11   warning  'math' is not defined                               no-undef
  4923:23   warning  'math' is not defined                               no-undef
  4923:34   warning  'math' is not defined                               no-undef
  4923:48   warning  'math' is not defined                               no-undef
  4923:60   warning  'math' is not defined                               no-undef
  4923:83   warning  'math' is not defined                               no-undef
  4926:1    warning  Mixed spaces and tabs                               no-mixed-spaces-and-tabs
  4927:1    warning  Mixed spaces and tabs                               no-mixed-spaces-and-tabs
  4928:3    warning  Mixed spaces and tabs                               no-mixed-spaces-and-tabs
  4931:1    warning  Mixed spaces and tabs                               no-mixed-spaces-and-tabs
  4940:1    warning  Mixed spaces and tabs                               no-mixed-spaces-and-tabs
  4940:14   warning  'k' is already defined                              no-redeclare
  4940:16   warning  'math' is not defined                               no-undef
  4941:8    warning  'b0k2' is already defined                           no-redeclare
  4941:13   warning  'math' is not defined                               no-undef
  4941:30   warning  'math' is not defined                               no-undef
  4942:8    warning  'b1k' is already defined                            no-redeclare
  4942:12   warning  'math' is not defined                               no-undef
  4943:8    warning  'a0k2' is already defined                           no-redeclare
  4943:13   warning  'math' is not defined                               no-undef
  4943:30   warning  'math' is not defined                               no-undef
  4944:8    warning  'a1k' is already defined                            no-redeclare
  4944:12   warning  'math' is not defined                               no-undef
  4946:8    warning  'd0' is already defined                             no-redeclare
  4946:11   warning  'math' is not defined                               no-undef
  4946:23   warning  'math' is not defined                               no-undef
  4946:34   warning  'math' is not defined                               no-undef
  4946:48   warning  'math' is not defined                               no-undef
  4946:60   warning  'math' is not defined                               no-undef
  4946:82   warning  'math' is not defined                               no-undef
  4947:8    warning  'd1' is already defined                             no-redeclare
  4947:11   warning  'math' is not defined                               no-undef
  4947:23   warning  'math' is not defined                               no-undef
  4947:34   warning  'math' is not defined                               no-undef
  4947:48   warning  'math' is not defined                               no-undef
  4947:60   warning  'math' is not defined                               no-undef
  4947:87   warning  'math' is not defined                               no-undef
  4948:8    warning  'd2' is already defined                             no-redeclare
  4948:11   warning  'math' is not defined                               no-undef
  4948:23   warning  'math' is not defined                               no-undef
  4948:34   warning  'math' is not defined                               no-undef
  4948:48   warning  'math' is not defined                               no-undef
  4948:60   warning  'math' is not defined                               no-undef
  4948:83   warning  'math' is not defined                               no-undef
  4950:8    warning  'c1' is already defined                             no-redeclare
  4950:11   warning  'math' is not defined                               no-undef
  4950:23   warning  'math' is not defined                               no-undef
  4950:34   warning  'math' is not defined                               no-undef
  4950:48   warning  'math' is not defined                               no-undef
  4950:60   warning  'math' is not defined                               no-undef
  4950:87   warning  'math' is not defined                               no-undef
  4951:8    warning  'c2' is already defined                             no-redeclare
  4951:11   warning  'math' is not defined                               no-undef
  4951:23   warning  'math' is not defined                               no-undef
  4951:34   warning  'math' is not defined                               no-undef
  4951:48   warning  'math' is not defined                               no-undef
  4951:60   warning  'math' is not defined                               no-undef
  4951:83   warning  'math' is not defined                               no-undef
  4954:1    warning  Mixed spaces and tabs                               no-mixed-spaces-and-tabs
  4955:1    warning  Mixed spaces and tabs                               no-mixed-spaces-and-tabs
  4956:3    warning  Mixed spaces and tabs                               no-mixed-spaces-and-tabs
  4959:1    warning  Mixed spaces and tabs                               no-mixed-spaces-and-tabs
  4965:1    warning  Mixed spaces and tabs                               no-mixed-spaces-and-tabs
  4966:1    warning  Mixed spaces and tabs                               no-mixed-spaces-and-tabs
  4967:1    warning  Mixed spaces and tabs                               no-mixed-spaces-and-tabs
  4968:1    warning  Mixed spaces and tabs                               no-mixed-spaces-and-tabs
  4969:2    warning  Mixed spaces and tabs                               no-mixed-spaces-and-tabs
  4970:1    warning  Mixed spaces and tabs                               no-mixed-spaces-and-tabs
  4971:1    warning  Mixed spaces and tabs                               no-mixed-spaces-and-tabs
  4972:1    warning  Mixed spaces and tabs                               no-mixed-spaces-and-tabs
  4973:1    warning  Mixed spaces and tabs                               no-mixed-spaces-and-tabs
  4974:1    warning  Mixed spaces and tabs                               no-mixed-spaces-and-tabs
  4975:2    warning  Mixed spaces and tabs                               no-mixed-spaces-and-tabs
  4978:1    warning  Mixed spaces and tabs                               no-mixed-spaces-and-tabs
  4979:1    warning  Mixed spaces and tabs                               no-mixed-spaces-and-tabs
  4980:1    warning  Mixed spaces and tabs                               no-mixed-spaces-and-tabs
  4981:1    warning  Mixed spaces and tabs                               no-mixed-spaces-and-tabs
  4982:1    warning  Mixed spaces and tabs                               no-mixed-spaces-and-tabs
  4982:14   warning  'b0' is already defined                             no-redeclare
  4983:8    warning  'b1' is already defined                             no-redeclare
  4984:8    warning  'b2' is already defined                             no-redeclare
  4985:17   warning  'a0' is already defined                             no-redeclare
  4986:8    warning  'a1' is already defined                             no-redeclare
  4987:8    warning  'a2' is already defined                             no-redeclare
  4988:1    warning  Mixed spaces and tabs                               no-mixed-spaces-and-tabs
  4988:14   warning  'T' is already defined                              no-redeclare
  4990:1    warning  Mixed spaces and tabs                               no-mixed-spaces-and-tabs
  4990:14   warning  'part' is already defined                           no-redeclare
  4990:19   warning  'math' is not defined                               no-undef
  4990:33   warning  'math' is not defined                               no-undef
  4990:48   warning  'math' is not defined                               no-undef
  4992:8    warning  'part1' is already defined                          no-redeclare
  4992:14   warning  'math' is not defined                               no-undef
  4993:8    warning  'num1' is already defined                           no-redeclare
  4993:13   warning  'math' is not defined                               no-undef
  4994:8    warning  'num2' is already defined                           no-redeclare
  4994:13   warning  'math' is not defined                               no-undef
  4995:8    warning  'den' is already defined                            no-redeclare
  4995:12   warning  'math' is not defined                               no-undef
  4996:4    warning  'R1' is not defined                                 no-undef
  4996:7    warning  'math' is not defined                               no-undef
  4997:4    warning  'R2' is not defined                                 no-undef
  4997:7    warning  'math' is not defined                               no-undef
  4999:8    warning  'R1' is not defined                                 no-undef
  4999:12   warning  'R2' is not defined                                 no-undef
  5033:8    warning  'k' is already defined                              no-redeclare
  5033:10   warning  'math' is not defined                               no-undef
  5034:8    warning  'b0k2' is already defined                           no-redeclare
  5034:13   warning  'math' is not defined                               no-undef
  5034:30   warning  'math' is not defined                               no-undef
  5035:8    warning  'b1k' is already defined                            no-redeclare
  5035:12   warning  'math' is not defined                               no-undef
  5036:8    warning  'a0k2' is already defined                           no-redeclare
  5036:13   warning  'math' is not defined                               no-undef
  5036:30   warning  'math' is not defined                               no-undef
  5037:8    warning  'a1k' is already defined                            no-redeclare
  5037:12   warning  'math' is not defined                               no-undef
  5039:8    warning  'd0' is already defined                             no-redeclare
  5039:11   warning  'math' is not defined                               no-undef
  5039:23   warning  'math' is not defined                               no-undef
  5039:34   warning  'math' is not defined                               no-undef
  5039:48   warning  'math' is not defined                               no-undef
  5039:60   warning  'math' is not defined                               no-undef
  5039:82   warning  'math' is not defined                               no-undef
  5040:8    warning  'd1' is already defined                             no-redeclare
  5040:11   warning  'math' is not defined                               no-undef
  5040:23   warning  'math' is not defined                               no-undef
  5040:34   warning  'math' is not defined                               no-undef
  5040:48   warning  'math' is not defined                               no-undef
  5040:60   warning  'math' is not defined                               no-undef
  5040:87   warning  'math' is not defined                               no-undef
  5041:8    warning  'd2' is already defined                             no-redeclare
  5041:11   warning  'math' is not defined                               no-undef
  5041:23   warning  'math' is not defined                               no-undef
  5041:34   warning  'math' is not defined                               no-undef
  5041:48   warning  'math' is not defined                               no-undef
  5041:60   warning  'math' is not defined                               no-undef
  5041:83   warning  'math' is not defined                               no-undef
  5043:8    warning  'c1' is already defined                             no-redeclare
  5043:11   warning  'math' is not defined                               no-undef
  5043:23   warning  'math' is not defined                               no-undef
  5043:34   warning  'math' is not defined                               no-undef
  5043:48   warning  'math' is not defined                               no-undef
  5043:60   warning  'math' is not defined                               no-undef
  5043:87   warning  'math' is not defined                               no-undef
  5044:8    warning  'c2' is already defined                             no-redeclare
  5044:11   warning  'math' is not defined                               no-undef
  5044:23   warning  'math' is not defined                               no-undef
  5044:34   warning  'math' is not defined                               no-undef
  5044:48   warning  'math' is not defined                               no-undef
  5044:60   warning  'math' is not defined                               no-undef
  5044:83   warning  'math' is not defined                               no-undef
  5047:1    warning  Mixed spaces and tabs                               no-mixed-spaces-and-tabs
  5048:1    warning  Mixed spaces and tabs                               no-mixed-spaces-and-tabs
  5049:3    warning  Mixed spaces and tabs                               no-mixed-spaces-and-tabs
  5052:1    warning  Mixed spaces and tabs                               no-mixed-spaces-and-tabs
  5061:1    warning  Mixed spaces and tabs                               no-mixed-spaces-and-tabs
  5061:14   warning  'k' is already defined                              no-redeclare
  5061:16   warning  'math' is not defined                               no-undef
  5062:8    warning  'b0k2' is already defined                           no-redeclare
  5062:13   warning  'math' is not defined                               no-undef
  5062:30   warning  'math' is not defined                               no-undef
  5063:8    warning  'b1k' is already defined                            no-redeclare
  5063:12   warning  'math' is not defined                               no-undef
  5064:8    warning  'a0k2' is already defined                           no-redeclare
  5064:13   warning  'math' is not defined                               no-undef
  5064:30   warning  'math' is not defined                               no-undef
  5065:8    warning  'a1k' is already defined                            no-redeclare
  5065:12   warning  'math' is not defined                               no-undef
  5067:8    warning  'd0' is already defined                             no-redeclare
  5067:11   warning  'math' is not defined                               no-undef
  5067:23   warning  'math' is not defined                               no-undef
  5067:34   warning  'math' is not defined                               no-undef
  5067:48   warning  'math' is not defined                               no-undef
  5067:60   warning  'math' is not defined                               no-undef
  5067:82   warning  'math' is not defined                               no-undef
  5068:8    warning  'd1' is already defined                             no-redeclare
  5068:11   warning  'math' is not defined                               no-undef
  5068:23   warning  'math' is not defined                               no-undef
  5068:34   warning  'math' is not defined                               no-undef
  5068:48   warning  'math' is not defined                               no-undef
  5068:60   warning  'math' is not defined                               no-undef
  5068:87   warning  'math' is not defined                               no-undef
  5069:8    warning  'd2' is already defined                             no-redeclare
  5069:11   warning  'math' is not defined                               no-undef
  5069:23   warning  'math' is not defined                               no-undef
  5069:34   warning  'math' is not defined                               no-undef
  5069:48   warning  'math' is not defined                               no-undef
  5069:60   warning  'math' is not defined                               no-undef
  5069:83   warning  'math' is not defined                               no-undef
  5071:8    warning  'c1' is already defined                             no-redeclare
  5071:11   warning  'math' is not defined                               no-undef
  5071:23   warning  'math' is not defined                               no-undef
  5071:34   warning  'math' is not defined                               no-undef
  5071:48   warning  'math' is not defined                               no-undef
  5071:60   warning  'math' is not defined                               no-undef
  5071:87   warning  'math' is not defined                               no-undef
  5072:8    warning  'c2' is already defined                             no-redeclare
  5072:11   warning  'math' is not defined                               no-undef
  5072:23   warning  'math' is not defined                               no-undef
  5072:34   warning  'math' is not defined                               no-undef
  5072:48   warning  'math' is not defined                               no-undef
  5072:60   warning  'math' is not defined                               no-undef
  5072:83   warning  'math' is not defined                               no-undef
  5075:1    warning  Mixed spaces and tabs                               no-mixed-spaces-and-tabs
  5076:1    warning  Mixed spaces and tabs                               no-mixed-spaces-and-tabs
  5077:3    warning  Mixed spaces and tabs                               no-mixed-spaces-and-tabs
  5080:1    warning  Mixed spaces and tabs                               no-mixed-spaces-and-tabs
  5086:1    warning  Mixed spaces and tabs                               no-mixed-spaces-and-tabs
  5087:1    warning  Mixed spaces and tabs                               no-mixed-spaces-and-tabs
  5088:1    warning  Mixed spaces and tabs                               no-mixed-spaces-and-tabs
  5089:1    warning  Mixed spaces and tabs                               no-mixed-spaces-and-tabs
  5090:2    warning  Mixed spaces and tabs                               no-mixed-spaces-and-tabs
  5091:1    warning  Mixed spaces and tabs                               no-mixed-spaces-and-tabs
  5092:1    warning  Mixed spaces and tabs                               no-mixed-spaces-and-tabs
  5093:1    warning  Mixed spaces and tabs                               no-mixed-spaces-and-tabs
  5094:1    warning  Mixed spaces and tabs                               no-mixed-spaces-and-tabs
  5095:1    warning  Mixed spaces and tabs                               no-mixed-spaces-and-tabs
  5096:2    warning  Mixed spaces and tabs                               no-mixed-spaces-and-tabs
  5099:1    warning  Mixed spaces and tabs                               no-mixed-spaces-and-tabs
  5100:1    warning  Mixed spaces and tabs                               no-mixed-spaces-and-tabs
  5101:1    warning  Mixed spaces and tabs                               no-mixed-spaces-and-tabs
  5102:1    warning  Mixed spaces and tabs                               no-mixed-spaces-and-tabs
  5103:1    warning  Mixed spaces and tabs                               no-mixed-spaces-and-tabs
  5103:14   warning  'b0' is already defined                             no-redeclare
  5104:8    warning  'b1' is already defined                             no-redeclare
  5105:8    warning  'b2' is already defined                             no-redeclare
  5106:17   warning  'a0' is already defined                             no-redeclare
  5107:8    warning  'a1' is already defined                             no-redeclare
  5108:8    warning  'a2' is already defined                             no-redeclare
  5109:1    warning  Mixed spaces and tabs                               no-mixed-spaces-and-tabs
  5109:14   warning  'T' is already defined                              no-redeclare
  5111:1    warning  Mixed spaces and tabs                               no-mixed-spaces-and-tabs
  5111:14   warning  'part' is already defined                           no-redeclare
  5111:19   warning  'math' is not defined                               no-undef
  5111:33   warning  'math' is not defined                               no-undef
  5111:48   warning  'math' is not defined                               no-undef
  5113:8    warning  'part1' is already defined                          no-redeclare
  5113:14   warning  'math' is not defined                               no-undef
  5114:8    warning  'num1' is already defined                           no-redeclare
  5114:13   warning  'math' is not defined                               no-undef
  5115:8    warning  'num2' is already defined                           no-redeclare
  5115:13   warning  'math' is not defined                               no-undef
  5116:8    warning  'den' is already defined                            no-redeclare
  5116:12   warning  'math' is not defined                               no-undef
  5117:4    warning  'R1' is not defined                                 no-undef
  5117:7    warning  'math' is not defined                               no-undef
  5118:4    warning  'R2' is not defined                                 no-undef
  5118:7    warning  'math' is not defined                               no-undef
  5120:8    warning  'R1' is not defined                                 no-undef
  5120:12   warning  'R2' is not defined                                 no-undef
  5154:8    warning  'k' is already defined                              no-redeclare
  5154:10   warning  'math' is not defined                               no-undef
  5155:8    warning  'b0k2' is already defined                           no-redeclare
  5155:13   warning  'math' is not defined                               no-undef
  5155:30   warning  'math' is not defined                               no-undef
  5156:8    warning  'b1k' is already defined                            no-redeclare
  5156:12   warning  'math' is not defined                               no-undef
  5157:8    warning  'a0k2' is already defined                           no-redeclare
  5157:13   warning  'math' is not defined                               no-undef
  5157:30   warning  'math' is not defined                               no-undef
  5158:8    warning  'a1k' is already defined                            no-redeclare
  5158:12   warning  'math' is not defined                               no-undef
  5160:8    warning  'd0' is already defined                             no-redeclare
  5160:11   warning  'math' is not defined                               no-undef
  5160:23   warning  'math' is not defined                               no-undef
  5160:34   warning  'math' is not defined                               no-undef
  5160:48   warning  'math' is not defined                               no-undef
  5160:60   warning  'math' is not defined                               no-undef
  5160:82   warning  'math' is not defined                               no-undef
  5161:8    warning  'd1' is already defined                             no-redeclare
  5161:11   warning  'math' is not defined                               no-undef
  5161:23   warning  'math' is not defined                               no-undef
  5161:34   warning  'math' is not defined                               no-undef
  5161:48   warning  'math' is not defined                               no-undef
  5161:60   warning  'math' is not defined                               no-undef
  5161:87   warning  'math' is not defined                               no-undef
  5162:8    warning  'd2' is already defined                             no-redeclare
  5162:11   warning  'math' is not defined                               no-undef
  5162:23   warning  'math' is not defined                               no-undef
  5162:34   warning  'math' is not defined                               no-undef
  5162:48   warning  'math' is not defined                               no-undef
  5162:60   warning  'math' is not defined                               no-undef
  5162:83   warning  'math' is not defined                               no-undef
  5164:8    warning  'c1' is already defined                             no-redeclare
  5164:11   warning  'math' is not defined                               no-undef
  5164:23   warning  'math' is not defined                               no-undef
  5164:34   warning  'math' is not defined                               no-undef
  5164:48   warning  'math' is not defined                               no-undef
  5164:60   warning  'math' is not defined                               no-undef
  5164:87   warning  'math' is not defined                               no-undef
  5165:8    warning  'c2' is already defined                             no-redeclare
  5165:11   warning  'math' is not defined                               no-undef
  5165:23   warning  'math' is not defined                               no-undef
  5165:34   warning  'math' is not defined                               no-undef
  5165:48   warning  'math' is not defined                               no-undef
  5165:60   warning  'math' is not defined                               no-undef
  5165:83   warning  'math' is not defined                               no-undef
  5168:1    warning  Mixed spaces and tabs                               no-mixed-spaces-and-tabs
  5169:1    warning  Mixed spaces and tabs                               no-mixed-spaces-and-tabs
  5170:3    warning  Mixed spaces and tabs                               no-mixed-spaces-and-tabs
  5173:1    warning  Mixed spaces and tabs                               no-mixed-spaces-and-tabs
  5182:1    warning  Mixed spaces and tabs                               no-mixed-spaces-and-tabs
  5182:14   warning  'k' is already defined                              no-redeclare
  5182:16   warning  'math' is not defined                               no-undef
  5183:8    warning  'b0k2' is already defined                           no-redeclare
  5183:13   warning  'math' is not defined                               no-undef
  5183:30   warning  'math' is not defined                               no-undef
  5184:8    warning  'b1k' is already defined                            no-redeclare
  5184:12   warning  'math' is not defined                               no-undef
  5185:8    warning  'a0k2' is already defined                           no-redeclare
  5185:13   warning  'math' is not defined                               no-undef
  5185:30   warning  'math' is not defined                               no-undef
  5186:8    warning  'a1k' is already defined                            no-redeclare
  5186:12   warning  'math' is not defined                               no-undef
  5188:8    warning  'd0' is already defined                             no-redeclare
  5188:11   warning  'math' is not defined                               no-undef
  5188:23   warning  'math' is not defined                               no-undef
  5188:34   warning  'math' is not defined                               no-undef
  5188:48   warning  'math' is not defined                               no-undef
  5188:60   warning  'math' is not defined                               no-undef
  5188:82   warning  'math' is not defined                               no-undef
  5189:8    warning  'd1' is already defined                             no-redeclare
  5189:11   warning  'math' is not defined                               no-undef
  5189:23   warning  'math' is not defined                               no-undef
  5189:34   warning  'math' is not defined                               no-undef
  5189:48   warning  'math' is not defined                               no-undef
  5189:60   warning  'math' is not defined                               no-undef
  5189:87   warning  'math' is not defined                               no-undef
  5190:8    warning  'd2' is already defined                             no-redeclare
  5190:11   warning  'math' is not defined                               no-undef
  5190:23   warning  'math' is not defined                               no-undef
  5190:34   warning  'math' is not defined                               no-undef
  5190:48   warning  'math' is not defined                               no-undef
  5190:60   warning  'math' is not defined                               no-undef
  5190:83   warning  'math' is not defined                               no-undef
  5192:8    warning  'c1' is already defined                             no-redeclare
  5192:11   warning  'math' is not defined                               no-undef
  5192:23   warning  'math' is not defined                               no-undef
  5192:34   warning  'math' is not defined                               no-undef
  5192:48   warning  'math' is not defined                               no-undef
  5192:60   warning  'math' is not defined                               no-undef
  5192:87   warning  'math' is not defined                               no-undef
  5193:8    warning  'c2' is already defined                             no-redeclare
  5193:11   warning  'math' is not defined                               no-undef
  5193:23   warning  'math' is not defined                               no-undef
  5193:34   warning  'math' is not defined                               no-undef
  5193:48   warning  'math' is not defined                               no-undef
  5193:60   warning  'math' is not defined                               no-undef
  5193:83   warning  'math' is not defined                               no-undef
  5196:1    warning  Mixed spaces and tabs                               no-mixed-spaces-and-tabs
  5197:1    warning  Mixed spaces and tabs                               no-mixed-spaces-and-tabs
  5198:3    warning  Mixed spaces and tabs                               no-mixed-spaces-and-tabs
  5201:1    warning  Mixed spaces and tabs                               no-mixed-spaces-and-tabs
  5207:1    warning  Mixed spaces and tabs                               no-mixed-spaces-and-tabs
  5208:1    warning  Mixed spaces and tabs                               no-mixed-spaces-and-tabs
  5209:1    warning  Mixed spaces and tabs                               no-mixed-spaces-and-tabs
  5210:1    warning  Mixed spaces and tabs                               no-mixed-spaces-and-tabs
  5213:1    warning  Mixed spaces and tabs                               no-mixed-spaces-and-tabs
  5218:10   warning  'showDivs' is defined but never used                no-unused-vars
  5527:5    warning  'dataOPPoints' is assigned a value but never used   no-unused-vars
  5528:5    warning  'dataOPPoints1' is assigned a value but never used  no-unused-vars
  5535:5    warning  'dArray1s' is assigned a value but never used       no-unused-vars
  5535:17   warning  'dArray2s' is assigned a value but never used       no-unused-vars
  5535:29   warning  'dArray3s' is assigned a value but never used       no-unused-vars
  5535:41   warning  'dArray4s' is assigned a value but never used       no-unused-vars
  5544:10   warning  'IIM_frs' is defined but never used                 no-unused-vars
  5549:1    warning  Mixed spaces and tabs                               no-mixed-spaces-and-tabs
  5555:1    warning  Mixed spaces and tabs                               no-mixed-spaces-and-tabs
  5557:4    warning  'lgTxt' is not defined                              no-undef
  5559:11   warning  'math' is not defined                               no-undef
  5559:25   warning  'math' is not defined                               no-undef
  5559:40   warning  'math' is not defined                               no-undef
  5563:14   warning  'math' is not defined                               no-undef
  5564:13   warning  'math' is not defined                               no-undef
  5565:12   warning  'math' is not defined                               no-undef
  5566:4    warning  'R11' is not defined                                no-undef
  5566:8    warning  'math' is not defined                               no-undef
  5568:4    warning  'R1' is not defined                                 no-undef
  5568:9    warning  'math' is not defined                               no-undef
  5568:22   warning  'math' is not defined                               no-undef
  5568:34   warning  'math' is not defined                               no-undef
  5568:45   warning  'math' is not defined                               no-undef
  5568:59   warning  'R11' is not defined                                no-undef
  5568:79   warning  'math' is not defined                               no-undef
  5568:91   warning  'math' is not defined                               no-undef
  5568:102  warning  'math' is not defined                               no-undef
  5568:116  warning  'R11' is not defined                                no-undef
  5570:16   warning  'R1' is not defined                                 no-undef
  5571:16   warning  'R1' is not defined                                 no-undef
  5572:16   warning  'R1' is not defined                                 no-undef
  5574:13   warning  'math' is not defined                               no-undef
  5576:4    warning  'R2' is not defined                                 no-undef
  5576:7    warning  'math' is not defined                               no-undef
  5576:20   warning  'R1' is not defined                                 no-undef
  5576:27   warning  'R1' is not defined                                 no-undef
  5578:16   warning  'R2' is not defined                                 no-undef
  5580:11   warning  'math' is not defined                               no-undef
  5580:28   warning  'math' is not defined                               no-undef
  5580:45   warning  'math' is not defined                               no-undef
  5581:11   warning  'math' is not defined                               no-undef
  5581:28   warning  'math' is not defined                               no-undef
  5581:45   warning  'math' is not defined                               no-undef
  5582:11   warning  'math' is not defined                               no-undef
  5582:23   warning  'math' is not defined                               no-undef
  5582:32   warning  'math' is not defined                               no-undef
  5582:49   warning  'R1' is not defined                                 no-undef
  5582:57   warning  'math' is not defined                               no-undef
  5582:71   warning  'R1' is not defined                                 no-undef
  5582:74   warning  'R2' is not defined                                 no-undef
  5583:11   warning  'math' is not defined                               no-undef
  5583:23   warning  'math' is not defined                               no-undef
  5583:32   warning  'math' is not defined                               no-undef
  5583:49   warning  'R2' is not defined                                 no-undef
  5583:57   warning  'math' is not defined                               no-undef
  5583:71   warning  'R2' is not defined                                 no-undef
  5583:74   warning  'R1' is not defined                                 no-undef
  5585:10   warning  'math' is not defined                               no-undef
  5585:22   warning  'math' is not defined                               no-undef
  5585:33   warning  'math' is not defined                               no-undef
  5585:47   warning  'math' is not defined                               no-undef
  5586:10   warning  'math' is not defined                               no-undef
  5586:22   warning  'math' is not defined                               no-undef
  5586:33   warning  'math' is not defined                               no-undef
  5586:47   warning  'math' is not defined                               no-undef
  5587:11   warning  'math' is not defined                               no-undef
  5587:23   warning  'math' is not defined                               no-undef
  5587:34   warning  'math' is not defined                               no-undef
  5587:48   warning  'math' is not defined                               no-undef
  5587:57   warning  'math' is not defined                               no-undef
  5587:73   warning  'R1' is not defined                                 no-undef
  5588:11   warning  'math' is not defined                               no-undef
  5588:23   warning  'math' is not defined                               no-undef
  5588:34   warning  'math' is not defined                               no-undef
  5588:48   warning  'math' is not defined                               no-undef
  5588:57   warning  'math' is not defined                               no-undef
  5588:73   warning  'R2' is not defined                                 no-undef
  5590:10   warning  'math' is not defined                               no-undef
  5590:22   warning  'math' is not defined                               no-undef
  5590:33   warning  'math' is not defined                               no-undef
  5590:47   warning  'math' is not defined                               no-undef
  5591:9    warning  'math' is not defined                               no-undef
  5591:21   warning  'math' is not defined                               no-undef
  5591:32   warning  'math' is not defined                               no-undef
  5591:46   warning  'math' is not defined                               no-undef
  5592:9    warning  'math' is not defined                               no-undef
  5592:21   warning  'math' is not defined                               no-undef
  5592:32   warning  'math' is not defined                               no-undef
  5592:46   warning  'math' is not defined                               no-undef
  5593:10   warning  'math' is not defined                               no-undef
  5593:22   warning  'math' is not defined                               no-undef
  5593:33   warning  'math' is not defined                               no-undef
  5593:47   warning  'math' is not defined                               no-undef
  5593:56   warning  'math' is not defined                               no-undef
  5593:80   warning  'math' is not defined                               no-undef
  5608:8    warning  'part1' is already defined                          no-redeclare
  5608:14   warning  'math' is not defined                               no-undef
  5609:8    warning  'num1' is already defined                           no-redeclare
  5609:13   warning  'math' is not defined                               no-undef
  5610:8    warning  'num2' is already defined                           no-redeclare
  5610:13   warning  'math' is not defined                               no-undef
  5611:8    warning  'den' is already defined                            no-redeclare
  5611:12   warning  'math' is not defined                               no-undef
  5612:4    warning  'R1' is not defined                                 no-undef
  5612:7    warning  'math' is not defined                               no-undef
  5613:4    warning  'R2' is not defined                                 no-undef
  5613:7    warning  'math' is not defined                               no-undef
  5615:8    warning  'R1' is not defined                                 no-undef
  5615:12   warning  'R2' is not defined                                 no-undef
  5617:12   warning  'R1' is not defined                                 no-undef
  5619:8    warning  'e0' is already defined                             no-redeclare
  5619:11   warning  'math' is not defined                               no-undef
  5619:23   warning  'math' is not defined                               no-undef
  5620:8    warning  'e1' is already defined                             no-redeclare
  5620:11   warning  'math' is not defined                               no-undef
  5620:28   warning  'math' is not defined                               no-undef
  5622:8    warning  'A1' is already defined                             no-redeclare
  5622:11   warning  'math' is not defined                               no-undef
  5622:23   warning  'math' is not defined                               no-undef
  5623:8    warning  'A2' is already defined                             no-redeclare
  5623:11   warning  'math' is not defined                               no-undef
  5623:23   warning  'math' is not defined                               no-undef
  5623:43   warning  'math' is not defined                               no-undef
  5625:15   warning  'math' is not defined                               no-undef
  5625:27   warning  'math' is not defined                               no-undef
  5625:38   warning  'math' is not defined                               no-undef
  5625:52   warning  'math' is not defined                               no-undef
  5627:16   warning  'math' is not defined                               no-undef
  5627:28   warning  'math' is not defined                               no-undef
  5627:39   warning  'math' is not defined                               no-undef
  5627:53   warning  'math' is not defined                               no-undef
  5630:8    warning  'TA1' is already defined                            no-redeclare
  5630:12   warning  'math' is not defined                               no-undef
  5630:24   warning  'math' is not defined                               no-undef
  5630:35   warning  'math' is not defined                               no-undef
  5630:49   warning  'math' is not defined                               no-undef
  5631:8    warning  'TA2' is already defined                            no-redeclare
  5631:12   warning  'math' is not defined                               no-undef
  5631:24   warning  'math' is not defined                               no-undef
  5631:35   warning  'math' is not defined                               no-undef
  5631:49   warning  'math' is not defined                               no-undef
  5632:8    warning  'eTp1' is already defined                           no-redeclare
  5632:13   warning  'math' is not defined                               no-undef
  5632:25   warning  'math' is not defined                               no-undef
  5632:36   warning  'math' is not defined                               no-undef
  5632:50   warning  'math' is not defined                               no-undef
  5632:59   warning  'math' is not defined                               no-undef
  5632:75   warning  'R1' is not defined                                 no-undef
  5633:8    warning  'eTp2' is already defined                           no-redeclare
  5633:13   warning  'math' is not defined                               no-undef
  5633:25   warning  'math' is not defined                               no-undef
  5633:36   warning  'math' is not defined                               no-undef
  5633:50   warning  'math' is not defined                               no-undef
  5633:59   warning  'math' is not defined                               no-undef
  5633:75   warning  'R2' is not defined                                 no-undef
  5635:8    warning  'c0' is already defined                             no-redeclare
  5636:8    warning  'c1' is already defined                             no-redeclare
  5636:11   warning  'math' is not defined                               no-undef
  5636:23   warning  'math' is not defined                               no-undef
  5636:34   warning  'math' is not defined                               no-undef
  5636:48   warning  'math' is not defined                               no-undef
  5637:8    warning  'c2' is already defined                             no-redeclare
  5637:11   warning  'math' is not defined                               no-undef
  5637:23   warning  'math' is not defined                               no-undef
  5637:34   warning  'math' is not defined                               no-undef
  5637:48   warning  'math' is not defined                               no-undef
  5639:8    warning  'd0' is already defined                             no-redeclare
  5639:11   warning  'math' is not defined                               no-undef
  5639:23   warning  'math' is not defined                               no-undef
  5639:34   warning  'math' is not defined                               no-undef
  5639:48   warning  'math' is not defined                               no-undef
  5640:8    warning  'd1' is already defined                             no-redeclare
  5640:11   warning  'math' is not defined                               no-undef
  5640:23   warning  'math' is not defined                               no-undef
  5640:34   warning  'math' is not defined                               no-undef
  5640:48   warning  'math' is not defined                               no-undef
  5640:57   warning  'math' is not defined                               no-undef
  5640:86   warning  'math' is not defined                               no-undef
  5640:110  warning  'math' is not defined                               no-undef
  5645:8    warning  'd2' is already defined                             no-redeclare
  5652:8    warning  'part1' is already defined                          no-redeclare
  5652:14   warning  'math' is not defined                               no-undef
  5653:8    warning  'num1' is already defined                           no-redeclare
  5653:13   warning  'math' is not defined                               no-undef
  5654:8    warning  'num2' is already defined                           no-redeclare
  5654:13   warning  'math' is not defined                               no-undef
  5655:8    warning  'den' is already defined                            no-redeclare
  5655:12   warning  'math' is not defined                               no-undef
  5656:4    warning  'R1' is not defined                                 no-undef
  5656:7    warning  'math' is not defined                               no-undef
  5657:4    warning  'R2' is not defined                                 no-undef
  5657:7    warning  'math' is not defined                               no-undef
  5659:8    warning  'e0' is already defined                             no-redeclare
  5659:11   warning  'math' is not defined                               no-undef
  5659:28   warning  'math' is not defined                               no-undef
  5659:45   warning  'math' is not defined                               no-undef
  5660:8    warning  'e1' is already defined                             no-redeclare
  5660:11   warning  'math' is not defined                               no-undef
  5660:28   warning  'math' is not defined                               no-undef
  5660:45   warning  'math' is not defined                               no-undef
  5661:8    warning  'A1' is already defined                             no-redeclare
  5661:11   warning  'math' is not defined                               no-undef
  5661:23   warning  'math' is not defined                               no-undef
  5661:32   warning  'math' is not defined                               no-undef
  5661:49   warning  'R1' is not defined                                 no-undef
  5661:57   warning  'math' is not defined                               no-undef
  5661:71   warning  'R1' is not defined                                 no-undef
  5661:74   warning  'R2' is not defined                                 no-undef
  5662:8    warning  'A2' is already defined                             no-redeclare
  5662:11   warning  'math' is not defined                               no-undef
  5662:23   warning  'math' is not defined                               no-undef
  5662:32   warning  'math' is not defined                               no-undef
  5662:49   warning  'R2' is not defined                                 no-undef
  5662:57   warning  'math' is not defined                               no-undef
  5662:71   warning  'R2' is not defined                                 no-undef
  5662:74   warning  'R1' is not defined                                 no-undef
  5664:6    warning  'TA1' is already defined                            no-redeclare
  5664:10   warning  'math' is not defined                               no-undef
  5664:22   warning  'math' is not defined                               no-undef
  5664:33   warning  'math' is not defined                               no-undef
  5664:47   warning  'math' is not defined                               no-undef
  5665:6    warning  'TA2' is already defined                            no-redeclare
  5665:10   warning  'math' is not defined                               no-undef
  5665:22   warning  'math' is not defined                               no-undef
  5665:33   warning  'math' is not defined                               no-undef
  5665:47   warning  'math' is not defined                               no-undef
  5666:6    warning  'eTp1' is already defined                           no-redeclare
  5666:11   warning  'math' is not defined                               no-undef
  5666:23   warning  'math' is not defined                               no-undef
  5666:34   warning  'math' is not defined                               no-undef
  5666:48   warning  'math' is not defined                               no-undef
  5666:57   warning  'math' is not defined                               no-undef
  5666:73   warning  'R1' is not defined                                 no-undef
  5667:6    warning  'eTp2' is already defined                           no-redeclare
  5667:11   warning  'math' is not defined                               no-undef
  5667:23   warning  'math' is not defined                               no-undef
  5667:34   warning  'math' is not defined                               no-undef
  5667:48   warning  'math' is not defined                               no-undef
  5667:57   warning  'math' is not defined                               no-undef
  5667:73   warning  'R2' is not defined                                 no-undef
  5668:6    warning  'c0' is already defined                             no-redeclare
  5669:6    warning  'c1' is already defined                             no-redeclare
  5669:10   warning  'math' is not defined                               no-undef
  5669:22   warning  'math' is not defined                               no-undef
  5669:33   warning  'math' is not defined                               no-undef
  5669:47   warning  'math' is not defined                               no-undef
  5670:6    warning  'c2' is already defined                             no-redeclare
  5670:9    warning  'math' is not defined                               no-undef
  5670:21   warning  'math' is not defined                               no-undef
  5670:32   warning  'math' is not defined                               no-undef
  5670:46   warning  'math' is not defined                               no-undef
  5671:6    warning  'd0' is already defined                             no-redeclare
  5671:9    warning  'math' is not defined                               no-undef
  5671:21   warning  'math' is not defined                               no-undef
  5671:32   warning  'math' is not defined                               no-undef
  5671:46   warning  'math' is not defined                               no-undef
  5672:6    warning  'd1' is already defined                             no-redeclare
  5672:10   warning  'math' is not defined                               no-undef
  5672:22   warning  'math' is not defined                               no-undef
  5672:33   warning  'math' is not defined                               no-undef
  5672:47   warning  'math' is not defined                               no-undef
  5672:56   warning  'math' is not defined                               no-undef
  5672:80   warning  'math' is not defined                               no-undef
  5673:6    warning  'd2' is already defined                             no-redeclare
  5681:1    warning  Mixed spaces and tabs                               no-mixed-spaces-and-tabs
  5692:10   warning  'math' is not defined                               no-undef
  5695:2    warning  'f1' is not defined                                 no-undef
  5697:10   warning  'math' is not defined                               no-undef
  5697:26   warning  'math' is not defined                               no-undef
  5699:6    warning  'i' is assigned a value but never used              no-unused-vars
  5699:10   warning  'math' is not defined                               no-undef
  5700:6    warning  'num1' is already defined                           no-redeclare
  5700:13   warning  'math' is not defined                               no-undef
  5700:27   warning  'math' is not defined                               no-undef
  5700:40   warning  'math' is not defined                               no-undef
  5700:49   warning  'math' is not defined                               no-undef
  5700:69   warning  'math' is not defined                               no-undef
  5700:78   warning  'math' is not defined                               no-undef
  5701:6    warning  'num2' is already defined                           no-redeclare
  5701:13   warning  'math' is not defined                               no-undef
  5701:27   warning  'math' is not defined                               no-undef
  5701:40   warning  'math' is not defined                               no-undef
  5701:49   warning  'math' is not defined                               no-undef
  5701:69   warning  'math' is not defined                               no-undef
  5701:78   warning  'math' is not defined                               no-undef
  5702:12   warning  'math' is not defined                               no-undef
  5704:13   warning  'math' is not defined                               no-undef
  5704:27   warning  'math' is not defined                               no-undef
  5704:40   warning  'math' is not defined                               no-undef
  5704:49   warning  'math' is not defined                               no-undef
  5704:69   warning  'math' is not defined                               no-undef
  5704:78   warning  'math' is not defined                               no-undef
  5705:13   warning  'math' is not defined                               no-undef
  5705:27   warning  'math' is not defined                               no-undef
  5705:40   warning  'math' is not defined                               no-undef
  5705:49   warning  'math' is not defined                               no-undef
  5705:69   warning  'math' is not defined                               no-undef
  5705:78   warning  'math' is not defined                               no-undef
  5706:6    warning  'den' is already defined                            no-redeclare
  5706:12   warning  'math' is not defined                               no-undef
  5708:11   warning  'math' is not defined                               no-undef
  5708:20   warning  'math' is not defined                               no-undef
  5712:11   warning  'math' is not defined                               no-undef
  5712:28   warning  'math' is not defined                               no-undef
  5718:9    warning  'lgTxt' is not defined                              no-undef
  5723:9    warning  'lgTxt' is not defined                              no-undef
  5728:9    warning  'lgTxt' is not defined                              no-undef
  5733:9    warning  'lgTxt' is not defined                              no-undef
  5739:9    warning  'lgTxt' is not defined                              no-undef
  5744:9    warning  'lgTxt' is not defined                              no-undef
  5749:6    warning  'w1' is assigned a value but never used             no-unused-vars
  5749:11   warning  'math' is not defined                               no-undef
  5749:27   warning  'math' is not defined                               no-undef
  5751:10   warning  'math' is not defined                               no-undef
  5753:14   warning  'math' is not defined                               no-undef
  5755:6    warning  'fraction' is assigned a value but never used       no-unused-vars
  5755:17   warning  'math' is not defined                               no-undef
  5757:11   warning  'math' is not defined                               no-undef
  5757:25   warning  'math' is not defined                               no-undef
  5757:41   warning  'math' is not defined                               no-undef
  5757:50   warning  'math' is not defined                               no-undef
  5764:9    warning  'lgTxt' is not defined                              no-undef
  5769:9    warning  'lgTxt' is not defined                              no-undef
  5774:9    warning  'lgTxt' is not defined                              no-undef
  5779:9    warning  'lgTxt' is not defined                              no-undef
  5784:9    warning  'lgTxt' is not defined                              no-undef
  5789:9    warning  'lgTxt' is not defined                              no-undef
  5798:4    warning  'math' is not defined                               no-undef
  5804:1    warning  Mixed spaces and tabs                               no-mixed-spaces-and-tabs
  5804:17   warning  'CanvasJS' is not defined                           no-undef
  5807:1    warning  Mixed spaces and tabs                               no-mixed-spaces-and-tabs
  5808:1    warning  Mixed spaces and tabs                               no-mixed-spaces-and-tabs
  5809:2    warning  Mixed spaces and tabs                               no-mixed-spaces-and-tabs
  5810:1    warning  Mixed spaces and tabs                               no-mixed-spaces-and-tabs
  5812:1    warning  Mixed spaces and tabs                               no-mixed-spaces-and-tabs
  5814:1    warning  Mixed spaces and tabs                               no-mixed-spaces-and-tabs
  5815:1    warning  Mixed spaces and tabs                               no-mixed-spaces-and-tabs
  5823:1    warning  Mixed spaces and tabs                               no-mixed-spaces-and-tabs
  5824:2    warning  Mixed spaces and tabs                               no-mixed-spaces-and-tabs
  5843:1    warning  Mixed spaces and tabs                               no-mixed-spaces-and-tabs
  5843:17   warning  'CanvasJS' is not defined                           no-undef
  5846:1    warning  Mixed spaces and tabs                               no-mixed-spaces-and-tabs
  5847:1    warning  Mixed spaces and tabs                               no-mixed-spaces-and-tabs
  5848:2    warning  Mixed spaces and tabs                               no-mixed-spaces-and-tabs
  5849:1    warning  Mixed spaces and tabs                               no-mixed-spaces-and-tabs
  5851:1    warning  Mixed spaces and tabs                               no-mixed-spaces-and-tabs
  5853:1    warning  Mixed spaces and tabs                               no-mixed-spaces-and-tabs
  5854:1    warning  Mixed spaces and tabs                               no-mixed-spaces-and-tabs
  5862:1    warning  Mixed spaces and tabs                               no-mixed-spaces-and-tabs
  5863:2    warning  Mixed spaces and tabs                               no-mixed-spaces-and-tabs
  5889:19   warning  'dPh_IIM' is not defined                            no-undef
  5890:11   warning  'IIM_fr_Ts' is defined but never used               no-unused-vars
  5891:9    warning  'sampleTime' is assigned a value but never used     no-unused-vars
  5891:22   warning  '$' is not defined                                  no-undef
  5894:5    warning  'CanvasJS' is not defined                           no-undef
  5895:5    warning  'CanvasJS' is not defined                           no-undef
  5898:5    warning  'chart1' is not defined                             no-undef
  5899:5    warning  'chart2' is not defined                             no-undef
  5901:32   warning  'inc1' is not defined                               no-undef
  5902:27   warning  'DatafTs' is not defined                            no-undef
  5903:9    warning  'dPh_IIM' is not defined                            no-undef
  5903:25   warning  'DatapTs' is not defined                            no-undef
  5905:13   warning  'inc1' is not defined                               no-undef
  5906:25   warning  'spstore1' is not defined                           no-undef
  5909:13   warning  'chart1' is not defined                             no-undef
  5915:1    warning  Mixed spaces and tabs                               no-mixed-spaces-and-tabs
  5921:13   warning  'chart2' is not defined                             no-undef
  5927:1    warning  Mixed spaces and tabs                               no-mixed-spaces-and-tabs
  5929:29   warning  'dPh_IIM' is not defined                            no-undef
  5935:5    warning  'chart1' is not defined                             no-undef
  5936:5    warning  'chart2' is not defined                             no-undef
  5943:20   warning  'dPh_IIMs' is not defined                           no-undef
  5945:9    warning  'sampleTime' is assigned a value but never used     no-unused-vars
  5945:22   warning  '$' is not defined                                  no-undef
  5948:5    warning  'CanvasJS' is not defined                           no-undef
  5949:5    warning  'CanvasJS' is not defined                           no-undef
  5957:9    warning  'dPh_IIMs' is not defined                           no-undef
  5969:1    warning  Mixed spaces and tabs                               no-mixed-spaces-and-tabs
  5981:1    warning  Mixed spaces and tabs                               no-mixed-spaces-and-tabs
  5983:29   warning  'dPh_IIMs' is not defined                           no-undef
  6002:10   warning  'BTM_frs' is defined but never used                 no-unused-vars
  6007:1    warning  Mixed spaces and tabs                               no-mixed-spaces-and-tabs
  6013:1    warning  Mixed spaces and tabs                               no-mixed-spaces-and-tabs
  6015:4    warning  'lgTxt' is not defined                              no-undef
  6017:1    warning  Mixed spaces and tabs                               no-mixed-spaces-and-tabs
  6038:11   warning  'math' is not defined                               no-undef
  6038:25   warning  'math' is not defined                               no-undef
  6038:40   warning  'math' is not defined                               no-undef
  6040:14   warning  'math' is not defined                               no-undef
  6041:13   warning  'math' is not defined                               no-undef
  6042:13   warning  'math' is not defined                               no-undef
  6043:12   warning  'math' is not defined                               no-undef
  6044:4    warning  'R1' is not defined                                 no-undef
  6044:7    warning  'math' is not defined                               no-undef
  6045:4    warning  'R2' is not defined                                 no-undef
  6045:7    warning  'math' is not defined                               no-undef
  6047:8    warning  'R1' is not defined                                 no-undef
  6047:12   warning  'R2' is not defined                                 no-undef
  6081:10   warning  'math' is not defined                               no-undef
  6082:13   warning  'math' is not defined                               no-undef
  6082:30   warning  'math' is not defined                               no-undef
  6083:12   warning  'math' is not defined                               no-undef
  6084:13   warning  'math' is not defined                               no-undef
  6084:30   warning  'math' is not defined                               no-undef
  6085:12   warning  'math' is not defined                               no-undef
  6087:11   warning  'math' is not defined                               no-undef
  6087:23   warning  'math' is not defined                               no-undef
  6087:34   warning  'math' is not defined                               no-undef
  6087:48   warning  'math' is not defined                               no-undef
  6087:60   warning  'math' is not defined                               no-undef
  6087:82   warning  'math' is not defined                               no-undef
  6088:11   warning  'math' is not defined                               no-undef
  6088:23   warning  'math' is not defined                               no-undef
  6088:34   warning  'math' is not defined                               no-undef
  6088:48   warning  'math' is not defined                               no-undef
  6088:60   warning  'math' is not defined                               no-undef
  6088:87   warning  'math' is not defined                               no-undef
  6089:11   warning  'math' is not defined                               no-undef
  6089:23   warning  'math' is not defined                               no-undef
  6089:34   warning  'math' is not defined                               no-undef
  6089:48   warning  'math' is not defined                               no-undef
  6089:60   warning  'math' is not defined                               no-undef
  6089:83   warning  'math' is not defined                               no-undef
  6091:11   warning  'math' is not defined                               no-undef
  6091:23   warning  'math' is not defined                               no-undef
  6091:34   warning  'math' is not defined                               no-undef
  6091:48   warning  'math' is not defined                               no-undef
  6091:60   warning  'math' is not defined                               no-undef
  6091:87   warning  'math' is not defined                               no-undef
  6092:11   warning  'math' is not defined                               no-undef
  6092:23   warning  'math' is not defined                               no-undef
  6092:34   warning  'math' is not defined                               no-undef
  6092:48   warning  'math' is not defined                               no-undef
  6092:60   warning  'math' is not defined                               no-undef
  6092:83   warning  'math' is not defined                               no-undef
  6100:1    warning  Mixed spaces and tabs                               no-mixed-spaces-and-tabs
  6100:14   warning  'k' is already defined                              no-redeclare
  6100:16   warning  'math' is not defined                               no-undef
  6101:8    warning  'b0k2' is already defined                           no-redeclare
  6101:13   warning  'math' is not defined                               no-undef
  6101:30   warning  'math' is not defined                               no-undef
  6102:8    warning  'b1k' is already defined                            no-redeclare
  6102:12   warning  'math' is not defined                               no-undef
  6103:8    warning  'a0k2' is already defined                           no-redeclare
  6103:13   warning  'math' is not defined                               no-undef
  6103:30   warning  'math' is not defined                               no-undef
  6104:8    warning  'a1k' is already defined                            no-redeclare
  6104:12   warning  'math' is not defined                               no-undef
  6106:8    warning  'd0' is already defined                             no-redeclare
  6106:11   warning  'math' is not defined                               no-undef
  6106:23   warning  'math' is not defined                               no-undef
  6106:34   warning  'math' is not defined                               no-undef
  6106:48   warning  'math' is not defined                               no-undef
  6106:60   warning  'math' is not defined                               no-undef
  6106:82   warning  'math' is not defined                               no-undef
  6107:8    warning  'd1' is already defined                             no-redeclare
  6107:11   warning  'math' is not defined                               no-undef
  6107:23   warning  'math' is not defined                               no-undef
  6107:34   warning  'math' is not defined                               no-undef
  6107:48   warning  'math' is not defined                               no-undef
  6107:60   warning  'math' is not defined                               no-undef
  6107:87   warning  'math' is not defined                               no-undef
  6108:8    warning  'd2' is already defined                             no-redeclare
  6108:11   warning  'math' is not defined                               no-undef
  6108:23   warning  'math' is not defined                               no-undef
  6108:34   warning  'math' is not defined                               no-undef
  6108:48   warning  'math' is not defined                               no-undef
  6108:60   warning  'math' is not defined                               no-undef
  6108:83   warning  'math' is not defined                               no-undef
  6109:8    warning  'c0' is already defined                             no-redeclare
  6110:8    warning  'c1' is already defined                             no-redeclare
  6110:11   warning  'math' is not defined                               no-undef
  6110:23   warning  'math' is not defined                               no-undef
  6110:34   warning  'math' is not defined                               no-undef
  6110:48   warning  'math' is not defined                               no-undef
  6110:60   warning  'math' is not defined                               no-undef
  6110:87   warning  'math' is not defined                               no-undef
  6111:8    warning  'c2' is already defined                             no-redeclare
  6111:11   warning  'math' is not defined                               no-undef
  6111:23   warning  'math' is not defined                               no-undef
  6111:34   warning  'math' is not defined                               no-undef
  6111:48   warning  'math' is not defined                               no-undef
  6111:60   warning  'math' is not defined                               no-undef
  6111:83   warning  'math' is not defined                               no-undef
  6125:2    warning  'f1' is not defined                                 no-undef
  6127:10   warning  'math' is not defined                               no-undef
  6127:26   warning  'math' is not defined                               no-undef
  6129:6    warning  'i' is assigned a value but never used              no-unused-vars
  6129:10   warning  'math' is not defined                               no-undef
  6131:6    warning  'num1' is already defined                           no-redeclare
  6131:13   warning  'math' is not defined                               no-undef
  6131:27   warning  'math' is not defined                               no-undef
  6131:40   warning  'math' is not defined                               no-undef
  6131:49   warning  'math' is not defined                               no-undef
  6131:69   warning  'math' is not defined                               no-undef
  6131:78   warning  'math' is not defined                               no-undef
  6132:6    warning  'num2' is already defined                           no-redeclare
  6132:13   warning  'math' is not defined                               no-undef
  6132:27   warning  'math' is not defined                               no-undef
  6132:40   warning  'math' is not defined                               no-undef
  6132:49   warning  'math' is not defined                               no-undef
  6132:69   warning  'math' is not defined                               no-undef
  6132:78   warning  'math' is not defined                               no-undef
  6133:12   warning  'math' is not defined                               no-undef
  6135:13   warning  'math' is not defined                               no-undef
  6135:27   warning  'math' is not defined                               no-undef
  6135:40   warning  'math' is not defined                               no-undef
  6135:49   warning  'math' is not defined                               no-undef
  6135:69   warning  'math' is not defined                               no-undef
  6135:78   warning  'math' is not defined                               no-undef
  6136:13   warning  'math' is not defined                               no-undef
  6136:27   warning  'math' is not defined                               no-undef
  6136:40   warning  'math' is not defined                               no-undef
  6136:49   warning  'math' is not defined                               no-undef
  6136:69   warning  'math' is not defined                               no-undef
  6136:78   warning  'math' is not defined                               no-undef
  6137:6    warning  'den' is already defined                            no-redeclare
  6137:12   warning  'math' is not defined                               no-undef
  6139:11   warning  'math' is not defined                               no-undef
  6139:20   warning  'math' is not defined                               no-undef
  6141:11   warning  'math' is not defined                               no-undef
  6141:28   warning  'math' is not defined                               no-undef
  6150:9    warning  'lgTxt' is not defined                              no-undef
  6155:9    warning  'lgTxt' is not defined                              no-undef
  6160:9    warning  'lgTxt' is not defined                              no-undef
  6165:9    warning  'lgTxt' is not defined                              no-undef
  6171:9    warning  'lgTxt' is not defined                              no-undef
  6176:9    warning  'lgTxt' is not defined                              no-undef
  6181:6    warning  'w1' is assigned a value but never used             no-unused-vars
  6181:11   warning  'math' is not defined                               no-undef
  6181:27   warning  'math' is not defined                               no-undef
  6183:10   warning  'math' is not defined                               no-undef
  6185:14   warning  'math' is not defined                               no-undef
  6187:6    warning  'fraction' is assigned a value but never used       no-unused-vars
  6187:17   warning  'math' is not defined                               no-undef
  6189:11   warning  'math' is not defined                               no-undef
  6189:25   warning  'math' is not defined                               no-undef
  6189:41   warning  'math' is not defined                               no-undef
  6189:50   warning  'math' is not defined                               no-undef
  6196:9    warning  'lgTxt' is not defined                              no-undef
  6201:9    warning  'lgTxt' is not defined                              no-undef
  6206:9    warning  'lgTxt' is not defined                              no-undef
  6211:9    warning  'lgTxt' is not defined                              no-undef
  6217:9    warning  'lgTxt' is not defined                              no-undef
  6222:9    warning  'lgTxt' is not defined                              no-undef
  6230:4    warning  'math' is not defined                               no-undef
  6236:16   warning  'CanvasJS' is not defined                           no-undef
  6238:1    warning  Mixed spaces and tabs                               no-mixed-spaces-and-tabs
  6239:1    warning  Mixed spaces and tabs                               no-mixed-spaces-and-tabs
  6240:1    warning  Mixed spaces and tabs                               no-mixed-spaces-and-tabs
  6241:1    warning  Mixed spaces and tabs                               no-mixed-spaces-and-tabs
  6242:2    warning  Mixed spaces and tabs                               no-mixed-spaces-and-tabs
  6243:1    warning  Mixed spaces and tabs                               no-mixed-spaces-and-tabs
  6245:1    warning  Mixed spaces and tabs                               no-mixed-spaces-and-tabs
  6247:1    warning  Mixed spaces and tabs                               no-mixed-spaces-and-tabs
  6248:1    warning  Mixed spaces and tabs                               no-mixed-spaces-and-tabs
  6256:1    warning  Mixed spaces and tabs                               no-mixed-spaces-and-tabs
  6257:2    warning  Mixed spaces and tabs                               no-mixed-spaces-and-tabs
  6276:1    warning  Mixed spaces and tabs                               no-mixed-spaces-and-tabs
  6276:17   warning  'CanvasJS' is not defined                           no-undef
  6279:1    warning  Mixed spaces and tabs                               no-mixed-spaces-and-tabs
  6280:1    warning  Mixed spaces and tabs                               no-mixed-spaces-and-tabs
  6281:2    warning  Mixed spaces and tabs                               no-mixed-spaces-and-tabs
  6282:1    warning  Mixed spaces and tabs                               no-mixed-spaces-and-tabs
  6284:1    warning  Mixed spaces and tabs                               no-mixed-spaces-and-tabs
  6286:1    warning  Mixed spaces and tabs                               no-mixed-spaces-and-tabs
  6287:1    warning  Mixed spaces and tabs                               no-mixed-spaces-and-tabs
  6295:1    warning  Mixed spaces and tabs                               no-mixed-spaces-and-tabs
  6296:2    warning  Mixed spaces and tabs                               no-mixed-spaces-and-tabs
  6326:10   warning  'comparePlots_Ts_log' is defined but never used     no-unused-vars
  6331:3    warning  'BTM_fr_Tss' is not defined                         no-undef
  6340:10   warning  'comparePlots_log' is defined but never used        no-unused-vars
  6349:20   warning  'CanvasJS' is not defined                           no-undef
  6352:1    warning  Mixed spaces and tabs                               no-mixed-spaces-and-tabs
  6353:1    warning  Mixed spaces and tabs                               no-mixed-spaces-and-tabs
  6354:2    warning  Mixed spaces and tabs                               no-mixed-spaces-and-tabs
  6355:1    warning  Mixed spaces and tabs                               no-mixed-spaces-and-tabs
  6357:1    warning  Mixed spaces and tabs                               no-mixed-spaces-and-tabs
  6359:1    warning  Mixed spaces and tabs                               no-mixed-spaces-and-tabs
  6360:1    warning  Mixed spaces and tabs                               no-mixed-spaces-and-tabs
  6368:1    warning  Mixed spaces and tabs                               no-mixed-spaces-and-tabs
  6369:2    warning  Mixed spaces and tabs                               no-mixed-spaces-and-tabs
  6380:1    warning  Mixed spaces and tabs                               no-mixed-spaces-and-tabs
  6388:1    warning  Mixed spaces and tabs                               no-mixed-spaces-and-tabs
  6396:1    warning  Mixed spaces and tabs                               no-mixed-spaces-and-tabs
  6404:1    warning  Mixed spaces and tabs                               no-mixed-spaces-and-tabs
  6412:1    warning  Mixed spaces and tabs                               no-mixed-spaces-and-tabs
  6426:1    warning  Mixed spaces and tabs                               no-mixed-spaces-and-tabs
  6466:1    warning  Mixed spaces and tabs                               no-mixed-spaces-and-tabs
  6467:1    warning  Mixed spaces and tabs                               no-mixed-spaces-and-tabs
  6468:1    warning  Mixed spaces and tabs                               no-mixed-spaces-and-tabs
  6473:1    warning  Mixed spaces and tabs                               no-mixed-spaces-and-tabs
  6475:20   warning  'CanvasJS' is not defined                           no-undef
  6478:1    warning  Mixed spaces and tabs                               no-mixed-spaces-and-tabs
  6479:1    warning  Mixed spaces and tabs                               no-mixed-spaces-and-tabs
  6480:2    warning  Mixed spaces and tabs                               no-mixed-spaces-and-tabs
  6481:1    warning  Mixed spaces and tabs                               no-mixed-spaces-and-tabs
  6483:1    warning  Mixed spaces and tabs                               no-mixed-spaces-and-tabs
  6485:1    warning  Mixed spaces and tabs                               no-mixed-spaces-and-tabs
  6486:1    warning  Mixed spaces and tabs                               no-mixed-spaces-and-tabs
  6494:1    warning  Mixed spaces and tabs                               no-mixed-spaces-and-tabs
  6495:1    warning  Mixed spaces and tabs                               no-mixed-spaces-and-tabs
  6496:2    warning  Mixed spaces and tabs                               no-mixed-spaces-and-tabs
  6507:1    warning  Mixed spaces and tabs                               no-mixed-spaces-and-tabs
  6515:1    warning  Mixed spaces and tabs                               no-mixed-spaces-and-tabs
  6523:1    warning  Mixed spaces and tabs                               no-mixed-spaces-and-tabs
  6531:1    warning  Mixed spaces and tabs                               no-mixed-spaces-and-tabs
  6539:1    warning  Mixed spaces and tabs                               no-mixed-spaces-and-tabs
  6553:1    warning  Mixed spaces and tabs                               no-mixed-spaces-and-tabs
  6593:1    warning  Mixed spaces and tabs                               no-mixed-spaces-and-tabs
  6594:1    warning  Mixed spaces and tabs                               no-mixed-spaces-and-tabs
  6635:10   warning  'saveImg' is defined but never used                 no-unused-vars
  6636:1    warning  'html2canvas' is not defined                        no-undef
  6644:10   warning  'hidePlot' is defined but never used                no-unused-vars

/home/runner/work/exp-iim-bilinear-transformation-iitkgp/exp-iim-bilinear-transformation-iitkgp/experiment/simulation/js/canvas2image.js
    6:5   warning  'Canvas2Image' is assigned a value but never used  no-unused-vars
  182:7   warning  Mixed spaces and tabs                              no-mixed-spaces-and-tabs
  183:7   warning  Mixed spaces and tabs                              no-mixed-spaces-and-tabs
  219:31  warning  'downloadMimedownloadMime' is not defined          no-undef
  221:9   warning  'strData' is already defined                       no-redeclare
  238:9   warning  'strData' is already defined                       no-redeclare

✖ 5915 problems (0 errors, 5915 warnings)

